day,visits,unknown,www,direct,cpc,feed,sponsorship,referral,organic,email,ad,total ,Glif for iPhone 4 (GLF001BK),COSMONAUT,"GLIF (GLF001BK, GPL002BK,GLF002BK,GPL001BK)","GLIF+ (GPL001BK, GPL002BK)",PLS001BK,IWBE001,Glif for iPhone 4/4S (GLF001BK),PACKPLS001BK,PACKCOS001AL,PACK50GLF001
10/1/2010,0,0,0,0,0,0,0,0,0,0,0,0,0,0,0,0,0,0,0,0,0,0
10/2/2010,0,0,0,0,0,0,0,0,0,0,0,0,0,0,0,0,0,0,0,0,0,0
10/3/2010,0,0,0,0,0,0,0,0,0,0,0,0,0,0,0,0,0,0,0,0,0,0
10/4/2010,0,0,0,0,0,0,0,0,0,0,0,0,0,0,0,0,0,0,0,0,0,0
10/5/2010,0,0,0,0,0,0,0,0,0,0,0,0,0,0,0,0,0,0,0,0,0,0
10/6/2010,0,0,0,0,0,0,0,0,0,0,0,0,0,0,0,0,0,0,0,0,0,0
10/7/2010,0,0,0,0,0,0,0,0,0,0,0,0,0,0,0,0,0,0,0,0,0,0
10/8/2010,0,0,0,0,0,0,0,0,0,0,0,0,0,0,0,0,0,0,0,0,0,0
10/9/2010,0,0,0,0,0,0,0,0,0,0,0,0,0,0,0,0,0,0,0,0,0,0
10/10/2010,0,0,0,0,0,0,0,0,0,0,0,0,0,0,0,0,0,0,0,0,0,0
10/11/2010,0,0,0,0,0,0,0,0,0,0,0,0,0,0,0,0,0,0,0,0,0,0
10/12/2010,0,0,0,0,0,0,0,0,0,0,0,0,0,0,0,0,0,0,0,0,0,0
10/13/2010,0,0,0,0,0,0,0,0,0,0,0,0,0,0,0,0,0,0,0,0,0,0
10/14/2010,0,0,0,0,0,0,0,0,0,0,0,0,0,0,0,0,0,0,0,0,0,0
10/15/2010,0,0,0,0,0,0,0,0,0,0,0,0,0,0,0,0,0,0,0,0,0,0
10/16/2010,0,0,0,0,0,0,0,0,0,0,0,0,0,0,0,0,0,0,0,0,0,0
10/17/2010,0,0,0,0,0,0,0,0,0,0,0,0,0,0,0,0,0,0,0,0,0,0
10/18/2010,0,0,0,0,0,0,0,0,0,0,0,0,0,0,0,0,0,0,0,0,0,0
10/19/2010,0,0,0,0,0,0,0,0,0,0,0,0,0,0,0,0,0,0,0,0,0,0
10/20/2010,0,0,0,0,0,0,0,0,0,0,0,0,0,0,0,0,0,0,0,0,0,0
10/21/2010,0,0,0,0,0,0,0,0,0,0,0,0,0,0,0,0,0,0,0,0,0,0
10/22/2010,0,0,0,0,0,0,0,0,0,0,0,0,0,0,0,0,0,0,0,0,0,0
10/23/2010,0,0,0,0,0,0,0,0,0,0,0,0,0,0,0,0,0,0,0,0,0,0
10/24/2010,0,0,0,0,0,0,0,0,0,0,0,0,0,0,0,0,0,0,0,0,0,0
10/25/2010,0,0,0,0,0,0,0,0,0,0,0,0,0,0,0,0,0,0,0,0,0,0
10/26/2010,0,0,0,0,0,0,0,0,0,0,0,0,0,0,0,0,0,0,0,0,0,0
10/27/2010,0,0,0,0,0,0,0,0,0,0,0,0,0,0,0,0,0,0,0,0,0,0
10/28/2010,0,0,0,0,0,0,0,0,0,0,0,0,0,0,0,0,0,0,0,0,0,0
10/29/2010,0,0,0,0,0,0,0,0,0,0,0,0,0,0,0,0,0,0,0,0,0,0
10/30/2010,0,0,0,0,0,0,0,0,0,0,0,0,0,0,0,0,0,0,0,0,0,0
10/31/2010,0,0,0,0,0,0,0,0,0,0,0,0,0,0,0,0,0,0,0,0,0,0
11/1/2010,0,0,0,0,0,0,0,0,0,0,0,0,0,0,0,0,0,0,0,0,0,0
11/2/2010,0,0,0,0,0,0,0,0,0,0,0,0,0,0,0,0,0,0,0,0,0,0
11/3/2010,0,0,0,0,0,0,0,0,0,0,0,0,0,0,0,0,0,0,0,0,0,0
11/4/2010,0,0,0,0,0,0,0,0,0,0,0,0,0,0,0,0,0,0,0,0,0,0
11/5/2010,0,0,0,0,0,0,0,0,0,0,0,0,0,0,0,0,0,0,0,0,0,0
11/6/2010,0,0,0,0,0,0,0,0,0,0,0,0,0,0,0,0,0,0,0,0,0,0
11/7/2010,0,0,0,0,0,0,0,0,0,0,0,0,0,0,0,0,0,0,0,0,0,0
11/8/2010,0,0,0,0,0,0,0,0,0,0,0,0,0,0,0,0,0,0,0,0,0,0
11/9/2010,0,0,0,0,0,0,0,0,0,0,0,0,0,0,0,0,0,0,0,0,0,0
11/10/2010,0,0,0,0,0,0,0,0,0,0,0,0,0,0,0,0,0,0,0,0,0,0
11/11/2010,0,0,0,0,0,0,0,0,0,0,0,0,0,0,0,0,0,0,0,0,0,0
11/12/2010,0,0,0,0,0,0,0,0,0,0,0,0,0,0,0,0,0,0,0,0,0,0
11/13/2010,0,0,0,0,0,0,0,0,0,0,0,0,0,0,0,0,0,0,0,0,0,0
11/14/2010,0,0,0,0,0,0,0,0,0,0,0,0,0,0,0,0,0,0,0,0,0,0
11/15/2010,0,0,0,0,0,0,0,0,0,0,0,0,0,0,0,0,0,0,0,0,0,0
11/16/2010,0,0,0,0,0,0,0,0,0,0,0,0,0,0,0,0,0,0,0,0,0,0
11/17/2010,0,0,0,0,0,0,0,0,0,0,0,0,0,0,0,0,0,0,0,0,0,0
11/18/2010,0,0,0,0,0,0,0,0,0,0,0,0,0,0,0,0,0,0,0,0,0,0
11/19/2010,0,0,0,0,0,0,0,0,0,0,0,0,0,0,0,0,0,0,0,0,0,0
11/20/2010,0,0,0,0,0,0,0,0,0,0,0,0,0,0,0,0,0,0,0,0,0,0
11/21/2010,0,0,0,0,0,0,0,0,0,0,0,0,0,0,0,0,0,0,0,0,0,0
11/22/2010,0,0,0,0,0,0,0,0,0,0,0,0,0,0,0,0,0,0,0,0,0,0
11/23/2010,0,0,0,0,0,0,0,0,0,0,0,0,0,0,0,0,0,0,0,0,0,0
11/24/2010,0,0,0,0,0,0,0,0,0,0,0,0,0,0,0,0,0,0,0,0,0,0
11/25/2010,3,0,0,1,0,0,0,2,0,0,0,0,0,0,0,0,0,0,0,0,0,0
11/26/2010,8746,0,0,3572,0,0,0,4975,199,0,0,199,199,0,0,0,0,0,0,0,0,0
11/27/2010,11911,0,0,2997,0,0,0,7417,384,1113,0,646,646,0,0,0,0,0,0,0,0,0
11/28/2010,17487,6,0,4224,0,0,0,11748,936,573,0,927,927,0,0,0,0,0,0,0,0,0
11/29/2010,11838,0,0,3266,0,0,0,7570,765,237,0,580,580,0,0,0,0,0,0,0,0,0
11/30/2010,7898,0,0,2025,0,221,0,4964,577,110,0,353,353,0,0,0,0,0,0,0,0,0
12/1/2010,4819,0,0,1279,0,59,0,3006,404,71,0,198,198,0,0,0,0,0,0,0,0,0
12/2/2010,5671,0,0,1063,0,23,0,4216,338,31,0,245,245,0,0,0,0,0,0,0,0,0
12/3/2010,4757,0,0,1101,0,15,0,3277,340,24,0,175,175,0,0,0,0,0,0,0,0,0
12/4/2010,4036,0,0,1529,0,9,0,2213,261,24,0,111,111,0,0,0,0,0,0,0,0,0
12/5/2010,3281,0,0,979,0,9,0,1971,296,26,0,142,142,0,0,0,0,0,0,0,0,0
12/6/2010,4861,0,0,1096,0,3,0,2644,1095,23,0,145,145,0,0,0,0,0,0,0,0,0
12/7/2010,3168,0,0,723,0,10,0,1714,706,15,0,94,94,0,0,0,0,0,0,0,0,0
12/8/2010,2967,0,0,661,0,5,0,1816,466,19,0,127,127,0,0,0,0,0,0,0,0,0
12/9/2010,2821,0,0,660,0,2,0,1719,430,10,0,150,150,0,0,0,0,0,0,0,0,0
12/10/2010,3774,0,0,1164,0,5,0,2088,503,14,0,147,147,0,0,0,0,0,0,0,0,0
12/11/2010,2111,0,0,515,0,3,0,1164,413,16,0,77,77,0,0,0,0,0,0,0,0,0
12/12/2010,2068,0,0,499,0,5,0,1160,394,10,0,95,95,0,0,0,0,0,0,0,0,0
12/13/2010,2820,0,0,719,0,9,0,1526,556,10,0,98,98,0,0,0,0,0,0,0,0,0
12/14/2010,3032,0,0,875,0,1,0,1642,505,9,0,139,139,0,0,0,0,0,0,0,0,0
12/15/2010,2666,0,0,643,0,0,0,1438,572,13,0,90,90,0,0,0,0,0,0,0,0,0
12/16/2010,2799,0,0,809,0,0,0,1402,574,14,0,108,108,0,0,0,0,0,0,0,0,0
12/17/2010,2608,0,0,652,0,0,0,1403,547,6,0,90,90,0,0,0,0,0,0,0,0,0
12/18/2010,1597,0,0,372,0,1,0,842,364,18,0,71,71,0,0,0,0,0,0,0,0,0
12/19/2010,1756,0,0,399,0,0,0,1014,336,7,0,86,86,0,0,0,0,0,0,0,0,0
12/20/2010,2473,0,0,655,0,1,0,1312,504,1,0,71,71,0,0,0,0,0,0,0,0,0
12/21/2010,2193,0,0,592,0,0,0,1111,482,8,0,78,78,0,0,0,0,0,0,0,0,0
12/22/2010,1988,0,0,513,0,0,0,1025,445,5,0,94,94,0,0,0,0,0,0,0,0,0
12/23/2010,1718,0,0,438,0,0,0,921,353,6,0,63,63,0,0,0,0,0,0,0,0,0
12/24/2010,1226,0,0,286,0,0,0,619,311,10,0,40,40,0,0,0,0,0,0,0,0,0
12/25/2010,1381,0,0,406,0,1,0,679,292,3,0,41,41,0,0,0,0,0,0,0,0,0
12/26/2010,1482,0,0,364,0,0,0,813,303,2,0,61,61,0,0,0,0,0,0,0,0,0
12/27/2010,1550,0,0,355,0,0,0,850,338,7,0,61,61,0,0,0,0,0,0,0,0,0
12/28/2010,1698,0,0,396,0,0,0,910,389,3,0,54,54,0,0,0,0,0,0,0,0,0
12/29/2010,1491,0,0,348,0,0,0,786,349,8,0,53,53,0,0,0,0,0,0,0,0,0
12/30/2010,1365,0,0,354,0,0,0,684,322,5,0,50,50,0,0,0,0,0,0,0,0,0
12/31/2010,938,0,0,225,0,0,0,466,245,2,0,43,43,0,0,0,0,0,0,0,0,0
1/1/2011,933,0,0,201,0,0,0,508,221,3,0,43,43,0,0,0,0,0,0,0,0,0
1/2/2011,1224,0,0,320,0,0,0,643,255,6,0,86,86,0,0,0,0,0,0,0,0,0
1/3/2011,2531,0,0,471,0,0,0,1667,391,2,0,182,182,0,0,0,0,0,0,0,0,0
1/4/2011,1928,0,0,429,0,0,0,1101,394,4,0,118,118,0,0,0,0,0,0,0,0,0
1/5/2011,2231,0,0,431,0,0,0,1359,432,9,0,123,123,0,0,0,0,0,0,0,0,0
1/6/2011,1631,0,0,400,0,0,0,859,368,4,0,78,78,0,0,0,0,0,0,0,0,0
1/7/2011,1359,0,0,317,0,0,0,729,310,3,0,71,71,0,0,0,0,0,0,0,0,0
1/8/2011,1098,0,0,211,0,0,0,559,326,2,0,49,49,0,0,0,0,0,0,0,0,0
1/9/2011,1316,0,0,315,0,0,0,744,256,1,0,46,46,0,0,0,0,0,0,0,0,0
1/10/2011,2057,0,0,729,0,1,0,947,368,12,0,77,77,0,0,0,0,0,0,0,0,0
1/11/2011,1584,0,0,397,0,0,0,791,391,5,0,62,62,0,0,0,0,0,0,0,0,0
1/12/2011,1666,0,0,519,0,1,0,760,381,5,0,81,81,0,0,0,0,0,0,0,0,0
1/13/2011,1586,0,0,484,0,0,0,746,353,3,0,63,63,0,0,0,0,0,0,0,0,0
1/14/2011,1311,0,0,293,0,0,0,660,351,7,0,52,52,0,0,0,0,0,0,0,0,0
1/15/2011,908,0,0,175,0,0,0,481,251,1,0,48,48,0,0,0,0,0,0,0,0,0
1/16/2011,1086,0,0,300,0,0,0,529,250,7,0,55,55,0,0,0,0,0,0,0,0,0
1/17/2011,1699,0,0,472,0,0,0,885,338,4,0,78,78,0,0,0,0,0,0,0,0,0
1/18/2011,1793,0,0,451,0,0,0,974,363,5,0,70,70,0,0,0,0,0,0,0,0,0
1/19/2011,1169,0,0,289,0,0,0,578,301,1,0,67,67,0,0,0,0,0,0,0,0,0
1/20/2011,1789,0,0,450,0,0,0,1031,304,4,0,69,69,0,0,0,0,0,0,0,0,0
1/21/2011,5880,0,0,1936,0,1,0,3535,402,6,0,147,147,0,0,0,0,0,0,0,0,0
1/22/2011,5548,0,0,1981,0,3,0,3208,349,7,0,140,140,0,0,0,0,0,0,0,0,0
1/23/2011,2709,0,0,739,0,0,0,1632,333,5,0,82,82,0,0,0,0,0,0,0,0,0
1/24/2011,4529,0,0,1078,0,1,0,2519,930,1,0,130,130,0,0,0,0,0,0,0,0,0
1/25/2011,2457,0,0,598,0,0,0,1339,518,2,0,81,81,0,0,0,0,0,0,0,0,0
1/26/2011,1670,0,0,389,0,0,0,890,391,0,0,58,58,0,0,0,0,0,0,0,0,0
1/27/2011,1893,0,0,511,0,0,0,1029,351,2,0,71,71,0,0,0,0,0,0,0,0,0
1/28/2011,1989,0,0,517,0,0,0,1072,398,2,0,61,61,0,0,0,0,0,0,0,0,0
1/29/2011,2325,0,0,716,0,0,0,1216,393,0,0,86,86,0,0,0,0,0,0,0,0,0
1/30/2011,3376,0,0,882,0,0,0,1872,621,1,0,138,138,0,0,0,0,0,0,0,0,0
1/31/2011,2490,0,0,675,0,0,0,1246,567,2,0,131,131,0,0,0,0,0,0,0,0,0
2/1/2011,2606,0,0,800,0,0,0,1060,745,1,0,122,122,0,0,0,0,0,0,0,0,0
2/2/2011,2755,0,0,701,0,0,0,1056,994,4,0,203,203,0,0,0,0,0,0,0,0,0
2/3/2011,2707,0,0,659,0,0,0,1119,928,1,0,155,155,0,0,0,0,0,0,0,0,0
2/4/2011,2547,0,0,639,0,0,0,1153,748,7,0,126,126,0,0,0,0,0,0,0,0,0
2/5/2011,1869,0,0,455,0,0,0,801,611,2,0,136,136,0,0,0,0,0,0,0,0,0
2/6/2011,1613,0,0,389,0,0,0,658,566,0,0,95,95,0,0,0,0,0,0,0,0,0
2/7/2011,2029,0,0,537,0,0,0,762,728,2,0,118,118,0,0,0,0,0,0,0,0,0
2/8/2011,2043,0,0,557,0,0,0,796,687,3,0,124,124,0,0,0,0,0,0,0,0,0
2/9/2011,3238,0,0,978,0,0,0,1002,683,575,0,329,329,0,0,0,0,0,0,0,0,0
2/10/2011,1849,0,0,497,0,0,0,696,578,78,0,144,144,0,0,0,0,0,0,0,0,0
2/11/2011,1519,0,0,434,0,0,0,571,477,37,0,110,110,0,0,0,0,0,0,0,0,0
2/12/2011,1024,0,0,273,0,0,0,417,319,15,0,65,65,0,0,0,0,0,0,0,0,0
2/13/2011,1103,0,0,295,0,0,0,422,367,19,0,91,91,0,0,0,0,0,0,0,0,0
2/14/2011,1499,0,0,383,0,0,0,579,513,24,0,151,151,0,0,0,0,0,0,0,0,0
2/15/2011,1600,0,0,462,0,1,0,626,491,20,0,156,156,0,0,0,0,0,0,0,0,0
2/16/2011,1299,0,0,350,0,0,0,501,429,19,0,77,77,0,0,0,0,0,0,0,0,0
2/17/2011,1313,0,0,324,0,0,0,561,421,7,0,86,86,0,0,0,0,0,0,0,0,0
2/18/2011,1231,0,0,305,0,0,0,531,388,7,0,54,54,0,0,0,0,0,0,0,0,0
2/19/2011,966,0,0,223,0,1,0,430,307,5,0,49,49,0,0,0,0,0,0,0,0,0
2/20/2011,1031,0,0,238,0,0,0,497,292,4,0,75,75,0,0,0,0,0,0,0,0,0
2/21/2011,1176,0,0,327,0,0,0,482,363,4,0,70,70,0,0,0,0,0,0,0,0,0
2/22/2011,1091,0,0,249,0,0,0,455,376,11,0,58,58,0,0,0,0,0,0,0,0,0
2/23/2011,1070,0,0,267,0,0,0,444,350,9,0,66,66,0,0,0,0,0,0,0,0,0
2/24/2011,1279,0,0,300,0,0,0,651,321,7,0,71,71,0,0,0,0,0,0,0,0,0
2/25/2011,973,0,0,277,0,0,0,403,291,2,0,62,62,0,0,0,0,0,0,0,0,0
2/26/2011,747,0,0,195,0,0,0,322,224,6,0,40,40,0,0,0,0,0,0,0,0,0
2/27/2011,883,0,0,246,0,0,0,383,252,2,0,48,48,0,0,0,0,0,0,0,0,0
2/28/2011,1135,0,0,309,0,0,0,482,339,5,0,62,62,0,0,0,0,0,0,0,0,0
3/1/2011,980,0,0,254,0,0,0,394,328,4,0,71,71,0,0,0,0,0,0,0,0,0
3/2/2011,1089,0,0,304,0,0,0,438,344,3,0,56,56,0,0,0,0,0,0,0,0,0
3/3/2011,989,0,0,250,0,0,0,428,309,2,0,43,43,0,0,0,0,0,0,0,0,0
3/4/2011,951,0,0,270,0,0,0,405,274,2,0,50,50,0,0,0,0,0,0,0,0,0
3/5/2011,1344,0,0,338,0,0,0,752,253,1,0,50,50,0,0,0,0,0,0,0,0,0
3/6/2011,984,0,0,290,0,0,0,462,232,0,0,52,52,0,0,0,0,0,0,0,0,0
3/7/2011,1021,0,0,245,0,0,0,472,303,1,0,63,63,0,0,0,0,0,0,0,0,0
3/8/2011,1193,0,0,332,0,0,0,553,306,2,0,88,88,0,0,0,0,0,0,0,0,0
3/9/2011,1020,0,0,327,0,0,0,410,276,7,0,69,69,0,0,0,0,0,0,0,0,0
3/10/2011,845,0,0,243,0,0,0,335,265,2,0,40,40,0,0,0,0,0,0,0,0,0
3/11/2011,771,0,0,254,0,0,0,320,196,1,0,35,35,0,0,0,0,0,0,0,0,0
3/12/2011,634,0,0,165,0,0,0,276,192,1,0,38,38,0,0,0,0,0,0,0,0,0
3/13/2011,727,0,0,191,0,0,0,294,240,2,0,42,42,0,0,0,0,0,0,0,0,0
3/14/2011,835,0,0,238,0,0,0,345,252,0,0,53,53,0,0,0,0,0,0,0,0,0
3/15/2011,914,0,0,257,0,0,0,404,251,2,0,52,52,0,0,0,0,0,0,0,0,0
3/16/2011,847,0,0,230,0,0,0,319,297,1,0,42,42,0,0,0,0,0,0,0,0,0
3/17/2011,981,0,0,284,0,0,0,440,254,3,0,63,63,0,0,0,0,0,0,0,0,0
3/18/2011,865,0,0,222,0,0,0,401,241,1,0,60,60,0,0,0,0,0,0,0,0,0
3/19/2011,673,0,0,188,0,0,0,266,218,1,0,38,38,0,0,0,0,0,0,0,0,0
3/20/2011,695,0,0,153,0,0,0,310,231,1,0,43,43,0,0,0,0,0,0,0,0,0
3/21/2011,1405,0,0,315,0,0,0,713,376,1,0,65,65,0,0,0,0,0,0,0,0,0
3/22/2011,1547,0,0,320,0,0,0,892,335,0,0,60,60,0,0,0,0,0,0,0,0,0
3/23/2011,1286,0,0,274,0,0,0,685,325,2,0,41,41,0,0,0,0,0,0,0,0,0
3/24/2011,1099,0,0,240,0,0,0,554,303,2,0,44,44,0,0,0,0,0,0,0,0,0
3/25/2011,746,0,0,185,0,0,0,330,230,1,0,48,48,0,0,0,0,0,0,0,0,0
3/26/2011,736,0,0,156,0,0,0,334,245,1,0,38,38,0,0,0,0,0,0,0,0,0
3/27/2011,698,0,0,163,0,0,0,312,223,0,0,58,58,0,0,0,0,0,0,0,0,0
3/28/2011,2143,0,0,545,0,0,0,1193,402,3,0,67,67,0,0,0,0,0,0,0,0,0
3/29/2011,2531,0,0,603,0,0,0,1401,527,0,0,95,95,0,0,0,0,0,0,0,0,0
3/30/2011,2946,0,0,764,0,0,0,1756,423,3,0,84,84,0,0,0,0,0,0,0,0,0
3/31/2011,1952,0,0,483,0,0,0,1079,386,4,0,66,66,0,0,0,0,0,0,0,0,0
4/1/2011,1135,0,0,311,0,0,0,579,245,0,0,57,57,0,0,0,0,0,0,0,0,0
4/2/2011,726,0,0,167,0,0,0,372,186,1,0,32,32,0,0,0,0,0,0,0,0,0
4/3/2011,869,0,0,205,0,0,0,425,237,2,0,44,44,0,0,0,0,0,0,0,0,0
4/4/2011,997,0,0,249,0,0,0,494,254,0,0,44,44,0,0,0,0,0,0,0,0,0
4/5/2011,997,0,0,235,0,0,0,459,303,0,0,52,52,0,0,0,0,0,0,0,0,0
4/6/2011,1238,0,0,293,0,0,0,629,314,2,0,41,41,0,0,0,0,0,0,0,0,0
4/7/2011,987,0,0,233,0,0,0,491,261,2,0,40,40,0,0,0,0,0,0,0,0,0
4/8/2011,875,0,0,175,0,0,0,438,262,0,0,43,43,0,0,0,0,0,0,0,0,0
4/9/2011,643,0,0,125,0,0,0,357,161,0,0,29,29,0,0,0,0,0,0,0,0,0
4/10/2011,794,0,0,159,0,0,0,408,226,1,0,54,54,0,0,0,0,0,0,0,0,0
4/11/2011,910,0,0,212,0,0,0,455,242,1,0,42,42,0,0,0,0,0,0,0,0,0
4/12/2011,1013,0,0,203,0,0,0,526,284,0,0,48,48,0,0,0,0,0,0,0,0,0
4/13/2011,979,0,0,198,0,0,0,512,269,0,0,55,55,0,0,0,0,0,0,0,0,0
4/14/2011,802,0,0,186,0,0,0,368,248,0,0,40,40,0,0,0,0,0,0,0,0,0
4/15/2011,766,0,0,170,0,0,0,373,222,1,0,32,32,0,0,0,0,0,0,0,0,0
4/16/2011,626,0,0,125,0,0,0,318,182,1,0,31,31,0,0,0,0,0,0,0,0,0
4/17/2011,673,0,0,145,0,0,0,328,199,1,0,36,36,0,0,0,0,0,0,0,0,0
4/18/2011,893,0,0,208,0,0,0,462,222,1,0,45,45,0,0,0,0,0,0,0,0,0
4/19/2011,909,0,0,183,0,0,0,455,270,1,0,62,62,0,0,0,0,0,0,0,0,0
4/20/2011,1516,0,0,256,0,0,0,975,284,1,0,65,65,0,0,0,0,0,0,0,0,0
4/21/2011,2044,0,0,329,0,0,0,1396,318,1,0,57,57,0,0,0,0,0,0,0,0,0
4/22/2011,938,0,0,195,0,0,0,536,205,2,0,53,53,0,0,0,0,0,0,0,0,0
4/23/2011,659,0,0,145,0,0,0,344,170,0,0,23,23,0,0,0,0,0,0,0,0,0
4/24/2011,720,0,0,171,0,0,0,365,184,0,0,36,36,0,0,0,0,0,0,0,0,0
4/25/2011,906,0,0,224,0,0,0,432,250,0,0,56,56,0,0,0,0,0,0,0,0,0
4/26/2011,906,0,0,244,0,0,0,407,254,1,0,53,53,0,0,0,0,0,0,0,0,0
4/27/2011,860,0,0,199,0,0,0,396,265,0,0,36,36,0,0,0,0,0,0,0,0,0
4/28/2011,867,0,0,211,0,1,0,404,251,0,0,39,39,0,0,0,0,0,0,0,0,0
4/29/2011,791,0,0,197,0,1,0,378,215,0,0,44,44,0,0,0,0,0,0,0,0,0
4/30/2011,525,0,0,117,0,0,0,238,170,0,0,37,37,0,0,0,0,0,0,0,0,0
5/1/2011,637,0,0,160,0,0,0,286,191,0,0,41,41,0,0,0,0,0,0,0,0,0
5/2/2011,782,0,0,245,0,0,0,324,211,2,0,22,22,0,0,0,0,0,0,0,0,0
5/3/2011,1603,0,0,342,0,0,0,994,267,0,0,61,61,0,0,0,0,0,0,0,0,0
5/4/2011,1181,0,0,277,0,0,0,608,296,0,0,71,71,0,0,0,0,0,0,0,0,0
5/5/2011,982,0,0,244,0,0,0,480,258,0,0,37,37,0,0,0,0,0,0,0,0,0
5/6/2011,822,0,0,179,0,0,0,404,239,0,0,57,57,0,0,0,0,0,0,0,0,0
5/7/2011,649,0,0,147,0,0,0,302,200,0,0,36,36,0,0,0,0,0,0,0,0,0
5/8/2011,642,0,0,143,0,0,0,285,213,1,0,35,35,0,0,0,0,0,0,0,0,0
5/9/2011,919,0,0,191,0,0,0,418,305,5,0,43,43,0,0,0,0,0,0,0,0,0
5/10/2011,849,0,0,185,0,0,0,371,290,3,0,41,41,0,0,0,0,0,0,0,0,0
5/11/2011,1034,0,0,292,1,0,0,438,301,2,0,49,49,0,0,0,0,0,0,0,0,0
5/12/2011,1025,0,0,226,1,0,0,503,293,2,0,41,41,0,0,0,0,0,0,0,0,0
5/13/2011,1019,0,0,239,1,0,0,486,288,5,0,41,41,0,0,0,0,0,0,0,0,0
5/14/2011,632,0,0,151,0,0,0,298,181,2,0,39,39,0,0,0,0,0,0,0,0,0
5/15/2011,699,0,0,181,0,0,0,297,221,0,0,52,52,0,0,0,0,0,0,0,0,0
5/16/2011,1098,0,0,193,0,0,0,649,256,0,0,42,42,0,0,0,0,0,0,0,0,0
5/17/2011,1175,0,0,183,0,1,0,728,262,1,0,56,56,0,0,0,0,0,0,0,0,0
5/18/2011,1016,0,0,224,0,0,0,550,242,0,0,45,45,0,0,0,0,0,0,0,0,0
5/19/2011,1156,0,0,267,0,0,0,657,232,0,0,46,46,0,0,0,0,0,0,0,0,0
5/20/2011,789,0,0,167,0,0,0,401,221,0,0,34,34,0,0,0,0,0,0,0,0,0
5/21/2011,548,0,0,108,0,0,0,301,138,1,0,21,21,0,0,0,0,0,0,0,0,0
5/22/2011,551,0,0,117,0,0,0,276,154,4,0,27,27,0,0,0,0,0,0,0,0,0
5/23/2011,1088,0,0,311,0,0,0,484,291,2,0,31,31,0,0,0,0,0,0,0,0,0
5/24/2011,1040,0,0,286,0,0,0,507,247,0,0,68,68,0,0,0,0,0,0,0,0,0
5/25/2011,1209,0,0,250,0,0,0,616,342,1,0,64,64,0,0,0,0,0,0,0,0,0
5/26/2011,958,0,0,175,0,0,0,507,273,3,0,63,63,0,0,0,0,0,0,0,0,0
5/27/2011,795,0,0,152,0,0,0,406,232,5,0,41,41,0,0,0,0,0,0,0,0,0
5/28/2011,503,0,0,112,0,0,0,217,173,1,0,22,22,0,0,0,0,0,0,0,0,0
5/29/2011,659,0,0,164,0,0,0,309,186,0,0,38,38,0,0,0,0,0,0,0,0,0
5/30/2011,724,0,0,155,0,0,0,333,236,0,0,33,33,0,0,0,0,0,0,0,0,0
5/31/2011,821,0,0,189,0,0,0,387,245,0,0,46,46,0,0,0,0,0,0,0,0,0
6/1/2011,868,0,0,252,0,0,0,379,237,0,0,33,33,0,0,0,0,0,0,0,0,0
6/2/2011,797,0,0,216,0,0,0,341,240,0,0,30,30,0,0,0,0,0,0,0,0,0
6/3/2011,721,0,0,176,0,0,0,303,242,0,0,64,64,0,0,0,0,0,0,0,0,0
6/4/2011,602,0,0,141,0,0,0,257,204,0,0,34,34,0,0,0,0,0,0,0,0,0
6/5/2011,597,0,0,137,0,0,0,272,188,0,0,26,26,0,0,0,0,0,0,0,0,0
6/6/2011,727,0,0,179,0,0,0,328,220,0,0,26,26,0,0,0,0,0,0,0,0,0
6/7/2011,789,0,0,201,0,0,0,354,234,0,0,31,31,0,0,0,0,0,0,0,0,0
6/8/2011,720,0,0,187,0,0,0,313,220,0,0,29,29,0,0,0,0,0,0,0,0,0
6/9/2011,665,0,0,180,0,0,0,307,178,0,0,30,30,0,0,0,0,0,0,0,0,0
6/10/2011,575,0,0,129,0,0,0,269,177,0,0,31,31,0,0,0,0,0,0,0,0,0
6/11/2011,541,0,0,135,0,0,0,248,158,0,0,26,26,0,0,0,0,0,0,0,0,0
6/12/2011,569,0,0,128,0,0,0,267,174,0,0,23,23,0,0,0,0,0,0,0,0,0
6/13/2011,1418,0,0,400,0,0,0,787,231,0,0,54,54,0,0,0,0,0,0,0,0,0
6/14/2011,1317,0,0,337,0,0,0,697,283,0,0,74,74,0,0,0,0,0,0,0,0,0
6/15/2011,931,0,0,216,0,0,0,443,272,0,0,45,45,0,0,0,0,0,0,0,0,0
6/16/2011,855,0,0,199,0,0,0,415,241,0,0,40,40,0,0,0,0,0,0,0,0,0
6/17/2011,733,0,0,179,0,0,0,326,228,0,0,31,31,0,0,0,0,0,0,0,0,0
6/18/2011,513,0,0,119,0,0,0,253,141,0,0,21,21,0,0,0,0,0,0,0,0,0
6/19/2011,565,0,0,150,0,0,0,258,157,0,0,26,26,0,0,0,0,0,0,0,0,0
6/20/2011,805,0,0,181,0,0,0,397,227,0,0,33,33,0,0,0,0,0,0,0,0,0
6/21/2011,837,0,0,177,0,0,0,340,320,0,0,36,36,0,0,0,0,0,0,0,0,0
6/22/2011,782,0,0,170,0,0,0,339,273,0,0,31,31,0,0,0,0,0,0,0,0,0
6/23/2011,842,0,0,171,0,0,0,396,274,1,0,33,33,0,0,0,0,0,0,0,0,0
6/24/2011,987,0,0,241,0,0,0,483,262,1,0,30,30,0,0,0,0,0,0,0,0,0
6/25/2011,568,0,0,115,0,0,0,258,195,0,0,21,21,0,0,0,0,0,0,0,0,0
6/26/2011,659,0,0,122,0,0,0,278,259,0,0,27,27,0,0,0,0,0,0,0,0,0
6/27/2011,1084,0,0,307,0,0,0,493,284,0,0,38,38,0,0,0,0,0,0,0,0,0
6/28/2011,990,0,0,282,0,0,0,478,230,0,0,42,42,0,0,0,0,0,0,0,0,0
6/29/2011,747,0,0,157,0,0,0,333,257,0,0,29,29,0,0,0,0,0,0,0,0,0
6/30/2011,868,0,0,168,0,0,0,458,242,0,0,36,36,0,0,0,0,0,0,0,0,0
7/1/2011,551,0,0,132,0,0,0,244,175,0,0,26,26,0,0,0,0,0,0,0,0,0
7/2/2011,494,0,0,119,0,0,0,223,152,0,0,13,13,0,0,0,0,0,0,0,0,0
7/3/2011,485,0,0,92,0,0,0,251,142,0,0,15,15,0,0,0,0,0,0,0,0,0
7/4/2011,715,0,0,211,0,0,0,346,158,0,0,43,43,0,0,0,0,0,0,0,0,0
7/5/2011,643,0,0,166,0,0,0,283,194,0,0,32,32,0,0,0,0,0,0,0,0,0
7/6/2011,556,0,0,136,0,0,0,248,172,0,0,18,18,0,0,0,0,0,0,0,0,0
7/7/2011,630,0,0,144,0,0,0,264,221,1,0,36,36,0,0,0,0,0,0,0,0,0
7/8/2011,806,0,0,179,0,0,0,398,229,0,0,29,29,0,0,0,0,0,0,0,0,0
7/9/2011,409,0,0,97,0,0,0,179,133,0,0,12,12,0,0,0,0,0,0,0,0,0
7/10/2011,537,0,0,136,0,0,0,243,158,0,0,24,24,0,0,0,0,0,0,0,0,0
7/11/2011,1168,0,0,337,0,0,0,582,249,0,0,72,72,0,0,0,0,0,0,0,0,0
7/12/2011,1079,0,0,272,0,0,0,506,301,0,0,55,55,0,0,0,0,0,0,0,0,0
7/13/2011,855,0,0,220,0,0,0,352,282,1,0,35,35,0,0,0,0,0,0,0,0,0
7/14/2011,671,0,0,180,0,0,0,265,226,0,0,24,24,0,0,0,0,0,0,0,0,0
7/15/2011,915,0,0,260,0,0,0,443,212,0,0,39,39,0,0,0,0,0,0,0,0,0
7/16/2011,556,0,0,107,0,0,0,283,166,0,0,32,32,0,0,0,0,0,0,0,0,0
7/17/2011,563,0,0,166,0,0,0,236,161,0,0,18,18,0,0,0,0,0,0,0,0,0
7/18/2011,668,0,0,162,0,0,0,298,208,0,0,27,27,0,0,0,0,0,0,0,0,0
7/19/2011,630,0,0,142,0,0,0,270,218,0,0,16,16,0,0,0,0,0,0,0,0,0
7/20/2011,630,0,0,158,0,0,0,256,216,0,0,24,24,0,0,0,0,0,0,0,0,0
7/21/2011,536,0,0,134,0,0,0,213,189,0,0,22,22,0,0,0,0,0,0,0,0,0
7/22/2011,500,0,0,139,0,0,0,203,158,0,0,37,37,0,0,0,0,0,0,0,0,0
7/23/2011,395,0,0,98,0,0,0,153,144,0,0,15,15,0,0,0,0,0,0,0,0,0
7/24/2011,463,0,0,115,0,0,0,164,184,0,0,26,26,0,0,0,0,0,0,0,0,0
7/25/2011,616,0,0,159,0,0,0,253,204,0,0,24,24,0,0,0,0,0,0,0,0,0
7/26/2011,627,0,0,199,0,0,0,242,186,0,0,22,22,0,0,0,0,0,0,0,0,0
7/27/2011,528,0,0,121,0,0,0,184,223,0,0,20,20,0,0,0,0,0,0,0,0,0
7/28/2011,655,0,0,158,0,0,0,229,268,0,0,22,22,0,0,0,0,0,0,0,0,0
7/29/2011,653,0,0,287,0,0,0,188,178,0,0,20,20,0,0,0,0,0,0,0,0,0
7/30/2011,507,0,0,123,0,0,0,186,198,0,0,10,10,0,0,0,0,0,0,0,0,0
7/31/2011,488,0,0,114,0,0,0,197,177,0,0,20,20,0,0,0,0,0,0,0,0,0
8/1/2011,562,0,0,155,0,0,0,217,190,0,0,15,15,0,0,0,0,0,0,0,0,0
8/2/2011,524,0,0,145,0,0,0,202,176,0,0,20,20,0,0,0,0,0,0,0,0,0
8/3/2011,514,0,0,133,0,0,0,195,185,1,0,27,27,0,0,0,0,0,0,0,0,0
8/4/2011,497,0,0,134,0,0,0,201,162,0,0,20,20,0,0,0,0,0,0,0,0,0
8/5/2011,493,0,0,123,0,0,0,233,137,0,0,41,41,0,0,0,0,0,0,0,0,0
8/6/2011,465,0,0,124,0,0,0,182,159,0,0,14,14,0,0,0,0,0,0,0,0,0
8/7/2011,456,0,0,100,0,0,0,218,138,0,0,11,11,0,0,0,0,0,0,0,0,0
8/8/2011,640,0,0,129,0,0,0,292,219,0,0,28,28,0,0,0,0,0,0,0,0,0
8/9/2011,657,0,0,142,0,0,0,312,199,0,0,33,33,0,0,0,0,0,0,0,0,0
8/10/2011,583,0,0,144,0,0,0,273,166,0,0,20,20,0,0,0,0,0,0,0,0,0
8/11/2011,625,0,0,159,0,0,0,269,197,0,0,21,21,0,0,0,0,0,0,0,0,0
8/12/2011,571,0,0,123,0,0,0,271,177,0,0,27,27,0,0,0,0,0,0,0,0,0
8/13/2011,361,0,0,87,0,0,0,164,110,0,0,8,8,0,0,0,0,0,0,0,0,0
8/14/2011,365,0,0,86,0,0,0,147,132,0,0,16,16,0,0,0,0,0,0,0,0,0
8/15/2011,556,0,0,126,0,0,0,234,196,0,0,19,19,0,0,0,0,0,0,0,0,0
8/16/2011,642,0,0,147,0,0,0,255,240,0,0,22,22,0,0,0,0,0,0,0,0,0
8/17/2011,690,0,0,156,0,0,0,368,166,0,0,13,13,0,0,0,0,0,0,0,0,0
8/18/2011,655,0,0,140,0,0,0,356,159,0,0,26,26,0,0,0,0,0,0,0,0,0
8/19/2011,434,0,0,93,0,0,0,190,151,0,0,15,15,0,0,0,0,0,0,0,0,0
8/20/2011,317,0,0,76,0,0,0,136,105,0,0,17,17,0,0,0,0,0,0,0,0,0
8/21/2011,431,0,0,90,0,0,0,204,137,0,0,21,21,0,0,0,0,0,0,0,0,0
8/22/2011,541,0,0,94,0,0,0,275,172,0,0,24,24,0,0,0,0,0,0,0,0,0
8/23/2011,499,0,0,123,0,0,0,218,158,0,0,24,24,0,0,0,0,0,0,0,0,0
8/24/2011,711,0,0,250,0,0,0,285,176,0,0,26,26,0,0,0,0,0,0,0,0,0
8/25/2011,480,0,0,127,0,0,0,203,149,0,0,15,15,0,0,0,0,0,0,0,0,0
8/26/2011,494,0,0,114,0,0,0,234,145,1,0,13,13,0,0,0,0,0,0,0,0,0
8/27/2011,328,0,0,99,0,0,0,145,84,0,0,8,8,0,0,0,0,0,0,0,0,0
8/28/2011,431,0,0,88,0,0,0,209,134,0,0,23,23,0,0,0,0,0,0,0,0,0
8/29/2011,451,0,0,107,0,0,0,181,163,0,0,15,15,0,0,0,0,0,0,0,0,0
8/30/2011,453,0,0,110,0,0,0,207,136,0,0,32,32,0,0,0,0,0,0,0,0,0
8/31/2011,513,0,0,136,0,0,0,215,162,0,0,22,22,0,0,0,0,0,0,0,0,0
9/1/2011,647,0,0,160,0,0,0,282,205,0,0,30,30,0,0,0,0,0,0,0,0,0
9/2/2011,484,0,0,125,0,0,0,210,149,0,0,12,12,0,0,0,0,0,0,0,0,0
9/3/2011,343,0,0,74,0,0,0,155,114,0,0,5,5,0,0,0,0,0,0,0,0,0
9/4/2011,447,0,0,141,0,0,0,176,130,0,0,17,17,0,0,0,0,0,0,0,0,0
9/5/2011,493,0,0,104,0,0,0,215,174,0,0,25,25,0,0,0,0,0,0,0,0,0
9/6/2011,970,0,0,268,0,0,0,478,224,0,0,12,12,0,0,0,0,0,0,0,0,0
9/7/2011,539,0,0,137,0,0,0,236,166,0,0,22,22,0,0,0,0,0,0,0,0,0
9/8/2011,513,0,0,131,0,0,0,217,165,0,0,18,18,0,0,0,0,0,0,0,0,0
9/9/2011,503,0,0,90,0,0,0,241,172,0,0,25,25,0,0,0,0,0,0,0,0,0
9/10/2011,357,0,0,88,0,0,0,166,103,0,0,11,11,0,0,0,0,0,0,0,0,0
9/11/2011,477,0,0,94,0,0,0,192,191,0,0,21,21,0,0,0,0,0,0,0,0,0
9/12/2011,640,0,0,141,0,0,0,256,243,0,0,16,16,0,0,0,0,0,0,0,0,0
9/13/2011,499,0,0,108,0,0,0,197,194,0,0,24,24,0,0,0,0,0,0,0,0,0
9/14/2011,480,0,0,119,0,0,0,185,176,0,0,12,12,0,0,0,0,0,0,0,0,0
9/15/2011,514,0,0,113,0,0,0,236,165,0,0,15,15,0,0,0,0,0,0,0,0,0
9/16/2011,485,0,0,106,0,0,0,218,161,0,0,20,20,0,0,0,0,0,0,0,0,0
9/17/2011,370,0,0,70,0,0,0,170,130,0,0,18,18,0,0,0,0,0,0,0,0,0
9/18/2011,383,0,0,73,0,0,0,185,125,0,0,9,9,0,0,0,0,0,0,0,0,0
9/19/2011,515,0,0,103,0,0,0,276,136,0,0,32,32,0,0,0,0,0,0,0,0,0
9/20/2011,512,0,0,125,0,0,0,226,160,0,0,10,10,0,0,0,0,0,0,0,0,0
9/21/2011,521,0,0,102,0,0,0,271,147,0,0,24,24,0,0,0,0,0,0,0,0,0
9/22/2011,2692,0,0,325,0,0,0,1936,430,0,0,41,41,0,0,0,0,0,0,0,0,0
9/23/2011,1541,0,0,222,0,0,0,1066,253,0,0,34,34,0,0,0,0,0,0,0,0,0
9/24/2011,888,0,0,148,0,0,0,578,162,0,0,15,15,0,0,0,0,0,0,0,0,0
9/25/2011,878,0,0,154,0,0,0,524,200,0,0,16,16,0,0,0,0,0,0,0,0,0
9/26/2011,766,0,0,176,0,0,0,424,166,0,0,21,21,0,0,0,0,0,0,0,0,0
9/27/2011,652,0,0,142,0,0,0,348,162,0,0,19,19,0,0,0,0,0,0,0,0,0
9/28/2011,591,0,0,139,0,0,0,293,159,0,0,6,6,0,0,0,0,0,0,0,0,0
9/29/2011,466,0,0,100,0,0,0,203,163,0,0,11,11,0,0,0,0,0,0,0,0,0
9/30/2011,381,0,0,104,0,0,0,133,144,0,0,20,20,0,0,0,0,0,0,0,0,0
10/1/2011,336,0,0,80,0,0,0,145,110,0,0,5,5,0,0,0,0,0,0,0,0,0
10/2/2011,335,0,0,81,0,0,0,134,114,1,5,17,17,0,0,0,0,0,0,0,0,0
10/3/2011,691,0,0,104,0,0,0,198,131,0,257,11,11,0,0,0,0,0,0,0,0,0
10/4/2011,1190,0,0,290,0,0,0,317,227,0,356,32,17,0,0,0,0,0,15,0,0,0
10/5/2011,1245,0,0,207,0,0,0,378,287,0,373,50,1,0,0,0,0,0,49,0,0,0
10/6/2011,1140,0,0,152,0,0,0,356,228,0,404,42,0,0,0,0,0,0,42,0,0,0
10/7/2011,1205,1,0,182,0,0,0,373,285,0,364,51,2,0,0,0,0,0,49,0,0,0
10/8/2011,898,0,0,110,0,0,0,256,269,0,263,29,0,0,0,0,0,0,29,0,0,0
10/9/2011,1018,0,0,154,0,0,0,322,272,0,270,33,0,0,0,0,0,0,33,0,0,0
10/10/2011,1369,0,0,198,0,0,0,392,385,0,394,71,2,0,0,0,0,0,69,0,0,0
10/11/2011,1785,0,0,246,0,0,0,752,402,0,385,85,2,0,0,0,0,0,83,0,0,0
10/12/2011,1390,0,0,249,0,0,0,495,273,0,373,48,2,0,0,0,0,0,46,0,0,0
10/13/2011,1350,0,0,221,0,0,0,479,312,2,336,58,2,0,0,0,0,0,56,0,0,0
10/14/2011,1504,0,0,207,0,0,0,605,384,0,308,62,0,0,0,0,0,0,62,0,0,0
10/15/2011,1129,0,0,192,0,0,0,400,338,0,199,54,0,0,2,0,0,0,52,0,0,0
10/16/2011,1136,0,0,277,0,0,0,290,333,0,236,42,0,0,41,0,0,0,1,0,0,0
10/17/2011,1682,0,0,355,0,0,0,437,541,0,349,61,0,0,61,0,0,0,0,0,0,0
10/18/2011,3363,0,0,1899,0,0,0,612,483,0,369,120,0,0,120,0,0,0,0,0,0,0
10/19/2011,1677,0,0,452,0,0,0,429,443,0,353,78,0,0,78,0,0,0,0,0,0,0
10/20/2011,1345,0,0,372,0,0,0,492,392,0,89,47,0,0,46,0,0,0,1,0,0,0
10/21/2011,1094,0,0,295,0,0,0,277,310,0,212,48,0,0,48,0,0,0,0,0,0,0
10/22/2011,1073,0,0,233,0,0,0,326,283,0,231,50,0,0,50,0,0,0,0,0,0,0
10/23/2011,1055,0,0,256,0,0,0,333,233,0,233,40,0,0,40,0,0,0,0,0,0,0
10/24/2011,1333,0,0,288,0,0,0,408,247,0,390,44,0,0,44,0,0,0,0,0,0,0
10/25/2011,1201,0,0,252,0,0,0,335,281,0,333,67,0,0,67,0,0,0,0,0,0,0
10/26/2011,1731,0,0,349,0,0,0,769,327,0,286,48,0,0,48,0,0,0,0,0,0,0
10/27/2011,1128,0,0,250,0,0,0,379,242,0,257,47,0,0,47,0,0,0,0,0,0,0
10/28/2011,1040,0,0,199,0,0,0,301,244,0,296,52,0,0,52,0,0,0,0,0,0,0
10/29/2011,851,0,0,187,0,0,0,236,213,0,215,33,0,0,33,0,0,0,0,0,0,0
10/30/2011,871,0,0,194,0,0,0,275,193,0,209,39,0,0,38,0,0,0,1,0,0,0
10/31/2011,1198,0,0,285,0,0,0,320,261,0,332,38,0,0,37,0,0,0,1,0,0,0
11/1/2011,975,0,0,273,0,0,0,351,258,0,93,41,0,0,40,0,0,0,1,0,0,0
11/2/2011,807,0,0,239,0,0,0,315,235,0,18,38,0,0,38,0,0,0,0,0,0,0
11/3/2011,752,0,0,208,0,0,0,307,227,0,10,27,1,0,26,0,0,0,0,0,0,0
11/4/2011,657,0,0,162,0,0,0,273,210,0,12,26,0,0,26,0,0,0,0,0,0,0
11/5/2011,545,0,0,160,0,0,0,206,171,0,8,21,0,0,21,0,0,0,0,0,0,0
11/6/2011,686,0,0,198,0,0,0,271,213,0,4,31,0,0,31,0,0,0,0,0,0,0
11/7/2011,803,0,0,218,0,0,0,325,253,1,6,49,1,0,48,0,0,0,0,0,0,0
11/8/2011,697,0,0,187,0,0,0,272,234,0,4,35,0,0,35,0,0,0,0,0,0,0
11/9/2011,731,0,0,193,0,0,0,285,245,0,8,32,0,0,32,0,0,0,0,0,0,0
11/10/2011,719,0,0,196,0,0,0,305,211,0,7,48,0,0,48,0,0,0,0,0,0,0
11/11/2011,595,0,0,152,0,0,0,243,195,0,5,41,0,0,41,0,0,0,0,0,0,0
11/12/2011,535,0,0,121,0,0,0,225,185,0,4,21,0,0,21,0,0,0,0,0,0,0
11/13/2011,582,0,0,134,0,0,0,258,185,0,5,23,0,0,23,0,0,0,0,0,0,0
11/14/2011,698,0,0,164,0,0,0,272,256,0,6,30,0,0,30,0,0,0,0,0,0,0
11/15/2011,782,0,0,192,0,0,0,320,261,0,9,22,0,0,22,0,0,0,0,0,0,0
11/16/2011,1065,0,0,260,0,0,0,539,261,0,5,35,1,0,34,0,0,0,0,0,0,0
11/17/2011,2876,0,0,603,0,0,0,1801,464,0,8,110,0,0,110,0,0,0,0,0,0,0
11/18/2011,1840,0,0,467,0,0,0,1017,356,0,0,65,0,0,65,0,0,0,0,0,0,0
11/19/2011,861,0,0,228,0,0,0,373,259,0,1,21,0,0,21,0,0,0,0,0,0,0
11/20/2011,790,0,0,183,0,0,0,343,262,0,2,31,0,0,31,0,0,0,0,0,0,0
11/21/2011,997,0,0,243,0,0,0,405,344,0,5,52,0,0,52,0,0,0,0,0,0,0
11/22/2011,1031,0,0,245,0,0,0,462,318,0,6,53,0,0,50,2,1,0,0,0,0,0
11/23/2011,867,0,0,216,0,0,0,398,252,0,1,34,0,0,34,0,0,0,0,0,0,0
11/24/2011,738,0,0,175,0,0,0,267,293,0,3,14,0,0,14,0,0,0,0,0,0,0
11/25/2011,5365,0,0,2565,0,344,0,1805,642,0,9,397,0,0,31,160,206,0,0,0,0,0
11/26/2011,2651,0,0,1038,0,94,0,997,517,0,5,196,0,0,26,110,60,0,0,0,0,0
11/27/2011,2195,0,0,735,0,36,0,955,468,0,1,135,0,0,21,78,36,0,0,0,0,0
11/28/2011,3265,0,0,1023,0,29,0,1618,589,1,5,178,0,0,44,95,39,0,0,0,0,0
11/29/2011,4199,0,0,901,0,12,0,2734,549,0,3,195,1,0,44,103,47,0,0,0,0,0
11/30/2011,4089,0,0,1259,0,9,0,2301,517,0,3,171,0,0,48,100,23,0,0,0,0,0
12/1/2011,3490,0,7,855,0,3,0,2055,570,0,0,189,1,0,47,115,26,0,0,0,0,0
12/2/2011,2656,0,1,862,0,1,0,1309,482,0,1,147,0,0,46,83,18,0,0,0,0,0
12/3/2011,1820,0,0,573,0,3,0,875,366,0,3,120,0,0,35,74,11,0,0,0,0,0
12/4/2011,1799,0,2,549,0,1,0,789,455,0,3,96,0,0,30,59,7,0,0,0,0,0
12/5/2011,2072,0,5,543,0,2,0,1017,504,0,1,123,0,0,35,78,10,0,0,0,0,0
12/6/2011,2038,0,0,495,0,1,0,982,558,0,2,123,0,0,34,75,14,0,0,0,0,0
12/7/2011,2004,0,0,486,0,0,0,1068,448,0,2,104,0,0,31,59,14,0,0,0,0,0
12/8/2011,1491,0,0,382,0,1,0,670,435,1,2,82,0,0,20,55,7,0,0,0,0,0
12/9/2011,1437,0,2,351,0,0,0,677,405,2,0,74,0,0,18,44,12,0,0,0,0,0
12/10/2011,1100,0,0,259,0,0,0,478,335,27,1,74,0,0,31,36,7,0,0,0,0,0
12/11/2011,1388,0,0,349,0,0,0,561,465,9,4,97,0,10,19,63,5,0,0,0,0,0
12/12/2011,16838,0,1,4751,0,9,0,8023,893,3156,5,1121,0,907,38,121,55,0,0,0,0,0
12/13/2011,18230,0,20,6482,0,13,0,10225,1008,456,26,738,0,490,56,143,49,0,0,0,0,0
12/14/2011,7080,0,36,2665,0,10,0,3380,787,199,3,387,0,224,49,101,13,0,0,0,0,0
12/15/2011,3878,0,19,1296,0,2,0,1722,701,131,7,276,0,135,44,82,15,0,0,0,0,0
12/16/2011,3500,0,8,1113,0,3,0,1701,593,77,5,275,1,140,35,79,20,0,0,0,0,0
12/17/2011,2899,0,6,972,0,2,0,1264,593,60,2,255,0,141,38,71,5,0,0,0,0,0
12/18/2011,2659,0,3,931,0,1,0,1129,531,58,6,200,0,113,19,61,7,0,0,0,0,0
12/19/2011,3163,0,8,966,0,1,0,1382,738,65,3,215,0,102,21,84,8,0,0,0,0,0
12/20/2011,3181,0,4,954,0,0,0,1392,773,57,1,192,0,91,34,58,9,0,0,0,0,0
12/21/2011,3145,0,3,1053,0,0,0,1301,745,40,1,168,0,79,28,54,7,0,0,0,0,0
12/22/2011,2641,0,5,822,0,0,0,1028,743,40,3,152,0,69,22,53,8,0,0,0,0,0
12/23/2011,2288,0,2,666,0,0,0,848,732,38,2,139,0,89,8,38,4,0,0,0,0,0
12/24/2011,1729,0,0,538,0,0,0,633,527,31,0,111,0,53,18,33,7,0,0,0,0,0
12/25/2011,1853,0,0,634,0,0,0,620,578,21,0,182,0,61,12,58,51,0,0,0,0,0
12/26/2011,2216,0,2,756,0,0,0,853,579,24,2,169,0,97,15,46,11,0,0,0,0,0
12/27/2011,2287,0,1,696,0,0,0,919,639,28,4,205,0,115,14,69,7,0,0,0,0,0
12/28/2011,2029,0,2,591,0,1,0,789,613,32,1,134,0,67,8,47,12,0,0,0,0,0
12/29/2011,1869,0,2,550,0,0,0,712,581,21,3,132,0,62,20,44,6,0,0,0,0,0
12/30/2011,1849,0,1,531,0,0,0,754,541,22,0,120,0,65,11,35,9,0,0,0,0,0
12/31/2011,1249,0,0,369,0,0,0,507,360,13,0,85,0,47,8,29,1,0,0,0,0,0
1/1/2012,1686,0,3,624,0,0,0,624,421,14,0,116,0,58,8,44,6,0,0,0,0,0
1/2/2012,2277,0,5,734,0,0,0,859,652,25,2,141,0,58,14,53,16,0,0,0,0,0
1/3/2012,2302,0,4,729,0,0,0,874,669,24,2,241,1,64,119,52,5,0,0,0,0,0
1/4/2012,1877,0,1,552,0,0,0,698,607,17,2,125,0,65,13,43,4,0,0,0,0,0
1/5/2012,2241,0,4,577,0,0,0,997,642,19,2,159,0,78,16,58,7,0,0,0,0,0
1/6/2012,1693,0,4,421,0,0,0,720,524,23,1,105,0,50,14,38,3,0,0,0,0,0
1/7/2012,1245,0,1,351,0,1,0,457,426,8,1,79,0,32,9,32,6,0,0,0,0,0
1/8/2012,1685,0,2,453,0,0,0,784,431,15,0,93,0,39,10,41,3,0,0,0,0,0
1/9/2012,2086,0,6,539,0,2,0,1018,506,15,0,118,0,69,9,35,5,0,0,0,0,0
1/10/2012,2141,0,2,507,0,0,0,924,697,7,4,124,0,65,13,41,5,0,0,0,0,0
1/11/2012,1698,0,0,454,0,0,0,710,514,20,0,139,0,80,9,42,8,0,0,0,0,0
1/12/2012,1674,0,0,473,0,1,0,695,491,10,4,114,0,53,14,39,8,0,0,0,0,0
1/13/2012,1706,0,2,443,0,0,0,755,486,18,2,116,0,59,10,40,7,0,0,0,0,0
1/14/2012,1216,0,0,316,0,0,0,488,406,6,0,69,0,34,11,22,2,0,0,0,0,0
1/15/2012,1374,0,0,413,0,0,0,544,411,5,1,92,0,36,20,28,8,0,0,0,0,0
1/16/2012,1649,0,0,394,0,1,0,703,541,10,0,109,0,52,18,37,2,0,0,0,0,0
1/17/2012,1576,0,0,425,0,0,0,617,526,7,1,111,0,38,34,35,4,0,0,0,0,0
1/18/2012,1898,0,0,472,0,0,0,921,497,5,3,95,0,45,15,29,6,0,0,0,0,0
1/19/2012,1415,0,2,388,0,0,0,570,449,6,0,97,0,38,12,40,7,0,0,0,0,0
1/20/2012,1409,0,0,374,0,0,0,593,433,8,1,95,0,38,15,38,4,0,0,0,0,0
1/21/2012,1192,0,0,281,0,0,0,531,371,8,1,76,0,30,12,28,6,0,0,0,0,0
1/22/2012,1197,0,2,299,0,0,0,500,390,5,1,75,0,29,13,31,2,0,0,0,0,0
1/23/2012,1426,0,0,373,0,0,0,581,467,2,3,94,0,31,17,40,6,0,0,0,0,0
1/24/2012,1478,0,0,389,0,0,0,602,485,2,0,75,0,25,18,31,1,0,0,0,0,0
1/25/2012,1476,0,0,381,0,1,0,613,474,7,0,100,0,45,12,40,3,0,0,0,0,0
1/26/2012,1728,0,1,592,0,0,0,681,446,8,0,90,0,57,7,22,4,0,0,0,0,0
1/27/2012,1781,0,1,616,0,0,0,707,452,4,1,76,0,30,9,33,4,0,0,0,0,0
1/28/2012,1784,0,1,615,0,0,0,731,433,4,0,66,0,34,6,24,2,0,0,0,0,0
1/29/2012,1517,0,1,492,0,1,0,603,413,7,0,72,0,36,11,23,2,0,0,0,0,0
1/30/2012,1829,0,0,554,0,1,0,769,501,3,1,117,0,61,14,35,7,0,0,0,0,0
1/31/2012,1751,0,1,579,0,0,0,710,455,6,0,78,0,35,14,26,3,0,0,0,0,0
2/1/2012,1745,0,1,578,0,0,0,650,508,8,0,115,0,51,18,39,7,0,0,0,0,0
2/2/2012,1787,0,0,580,0,0,0,693,508,6,0,118,0,54,15,43,6,0,0,0,0,0
2/3/2012,1342,0,0,467,0,0,0,464,407,3,1,74,0,32,16,24,2,0,0,0,0,0
2/4/2012,1174,0,0,392,0,0,0,435,345,2,0,73,0,36,8,27,2,0,0,0,0,0
2/5/2012,1135,0,2,379,0,0,0,421,331,0,2,70,0,33,11,24,2,0,0,0,0,0
2/6/2012,1391,0,1,417,0,0,0,537,433,2,1,95,0,50,8,33,4,0,0,0,0,0
2/7/2012,1346,0,0,387,0,0,0,499,458,2,0,94,0,35,17,37,5,0,0,0,0,0
2/8/2012,1457,0,0,457,0,0,0,528,469,2,1,85,0,38,19,26,2,0,0,0,0,0
2/9/2012,1437,0,0,482,0,0,0,541,411,2,1,71,0,32,11,24,4,0,0,0,0,0
2/10/2012,1353,0,0,419,0,0,0,507,422,4,1,90,0,35,12,39,4,0,0,0,0,0
2/11/2012,1319,0,0,448,0,0,0,478,391,2,0,80,0,17,8,54,1,0,0,0,0,0
2/12/2012,1189,0,0,381,0,0,0,420,384,4,0,76,0,31,9,34,2,0,0,0,0,0
2/13/2012,1302,0,2,402,0,0,0,466,431,0,1,79,0,36,12,27,4,0,0,0,0,0
2/14/2012,1143,0,0,339,0,0,0,415,388,0,1,59,0,19,9,30,1,0,0,0,0,0
2/15/2012,1310,0,1,397,0,0,0,509,403,0,0,91,0,34,18,33,6,0,0,0,0,0
2/16/2012,1571,0,1,503,0,1,0,569,495,2,0,75,0,33,16,22,4,0,0,0,0,0
2/17/2012,1486,0,0,526,0,0,0,519,440,0,1,72,0,29,14,26,3,0,0,0,0,0
2/18/2012,1060,0,0,386,0,0,0,350,319,5,0,68,0,26,8,27,7,0,0,0,0,0
2/19/2012,1102,0,0,352,0,0,0,378,371,1,0,52,0,19,7,24,2,0,0,0,0,0
2/20/2012,1258,0,0,389,0,0,0,457,404,6,2,72,0,26,14,30,2,0,0,0,0,0
2/21/2012,1299,0,0,408,0,0,0,450,431,10,0,100,0,39,20,38,3,0,0,0,0,0
2/22/2012,1255,0,0,406,0,0,0,434,409,6,0,47,0,15,8,18,6,0,0,0,0,0
2/23/2012,1245,0,0,369,0,0,0,433,437,4,2,55,0,17,12,22,4,0,0,0,0,0
2/24/2012,1058,0,0,315,0,0,0,407,334,1,1,65,0,29,13,21,2,0,0,0,0,0
2/25/2012,890,0,0,280,0,0,0,297,307,4,2,39,0,10,8,17,4,0,0,0,0,0
2/26/2012,1001,0,0,301,0,0,0,376,322,1,1,58,1,26,10,20,1,0,0,0,0,0
2/27/2012,1236,0,0,357,0,0,0,452,418,8,1,60,0,25,10,23,2,0,0,0,0,0
2/28/2012,1294,0,0,392,0,0,0,523,376,3,0,53,0,18,7,26,2,0,0,0,0,0
2/29/2012,1170,0,0,394,0,0,0,381,388,6,1,69,0,28,9,28,4,0,0,0,0,0
3/1/2012,1517,0,0,385,1,0,0,742,386,3,0,53,0,17,8,24,4,0,0,0,0,0
3/2/2012,1171,0,0,353,0,0,0,470,347,1,0,67,1,26,13,24,3,0,0,0,0,0
3/3/2012,1013,0,0,325,0,0,0,351,336,1,0,45,0,18,7,18,2,0,0,0,0,0
3/4/2012,1121,0,0,350,0,0,0,437,334,0,0,46,0,9,13,23,1,0,0,0,0,0
3/5/2012,8455,0,0,3267,1,25,0,4141,947,71,3,112,0,31,16,56,9,0,0,0,0,0
3/6/2012,4624,2,0,1666,0,22,0,2139,702,90,3,122,0,32,30,56,4,0,0,0,0,0
3/7/2012,2657,1,0,952,0,2,0,1130,559,13,0,89,0,37,14,33,5,0,0,0,0,0
3/8/2012,2250,0,0,879,0,2,0,854,503,12,0,74,0,35,11,23,5,0,0,0,0,0
3/9/2012,2116,0,0,937,0,0,0,672,499,8,0,154,0,36,60,51,7,0,0,0,0,0
3/10/2012,1905,0,0,862,0,1,0,572,465,3,2,74,0,38,8,25,3,0,0,0,0,0
3/11/2012,1898,0,0,863,0,0,0,545,484,5,1,95,0,42,18,32,3,0,0,0,0,0
3/12/2012,2328,0,0,935,0,0,0,755,630,8,0,110,0,50,10,46,4,0,0,0,0,0
3/13/2012,2521,0,0,941,0,0,0,952,611,16,1,112,0,53,10,47,2,0,0,0,0,0
3/14/2012,2257,0,0,822,0,0,0,739,690,6,0,109,0,50,8,42,9,0,0,0,0,0
3/15/2012,2035,0,0,805,0,0,0,627,591,12,0,79,0,44,10,22,3,0,0,0,0,0
3/16/2012,1825,0,0,651,0,0,0,649,519,6,0,78,0,39,9,28,2,0,0,0,0,0
3/17/2012,1732,0,0,672,0,0,0,587,467,2,4,87,0,47,13,24,3,0,0,0,0,0
3/18/2012,1820,0,0,727,0,1,0,605,483,4,0,101,0,61,10,28,2,0,0,0,0,0
3/19/2012,2132,0,0,799,0,0,0,732,597,2,2,117,0,56,9,48,4,0,0,0,0,0
3/20/2012,3844,0,0,1741,0,4,0,1413,678,7,0,251,0,168,28,48,7,0,0,0,0,0
3/21/2012,2991,0,0,1202,0,4,0,1121,656,8,0,171,0,124,9,34,4,0,0,0,0,0
3/22/2012,2275,0,0,821,0,3,0,884,561,4,0,123,0,89,8,22,4,0,0,0,0,0
3/23/2012,2274,0,0,800,0,0,0,929,543,2,0,111,0,80,11,15,5,0,0,0,0,0
3/24/2012,1935,0,0,737,0,2,0,693,498,4,1,83,0,46,10,22,5,0,0,0,0,0
3/25/2012,1780,0,0,716,0,0,0,594,461,7,2,93,0,62,6,23,2,0,0,0,0,0
3/26/2012,2434,0,0,909,0,1,0,790,730,1,0,146,0,112,10,21,3,0,0,0,0,0
3/27/2012,2359,0,0,880,0,0,0,755,721,2,1,177,0,127,11,30,7,0,2,0,0,0
3/28/2012,2590,0,0,1014,0,1,0,793,776,1,2,214,0,136,21,50,7,0,0,0,0,0
3/29/2012,6421,0,0,2348,0,4,0,2426,1630,8,3,505,0,419,19,54,13,0,0,0,0,0
3/30/2012,8525,0,0,2651,0,1,0,4352,1518,3,0,440,0,369,16,46,9,0,0,0,0,0
3/31/2012,5606,0,0,1974,0,0,0,2403,1228,1,0,418,0,302,63,49,4,0,0,0,0,0
4/1/2012,4420,0,0,1561,0,2,0,1871,980,3,3,268,0,211,7,48,2,0,0,0,0,0
4/2/2012,5181,0,0,1701,0,0,0,2318,1158,4,0,320,0,251,10,53,6,0,0,0,0,0
4/3/2012,3900,0,0,1311,0,1,0,1530,1057,1,0,251,0,206,10,26,9,0,0,0,0,0
4/4/2012,3367,0,0,1235,0,0,0,1123,1006,1,2,239,0,194,11,27,7,0,0,0,0,0
4/5/2012,3599,0,0,1223,0,4,0,1415,950,5,2,178,0,143,8,24,3,0,0,0,0,0
4/6/2012,2802,0,0,908,0,0,0,1047,843,3,1,157,0,125,6,26,0,0,0,0,0,0
4/7/2012,2698,0,0,1068,0,1,0,946,679,2,2,129,0,83,12,33,1,0,0,0,0,0
4/8/2012,2285,0,0,900,0,1,0,751,628,0,5,139,0,98,7,27,7,0,0,0,0,0
4/9/2012,2591,0,0,879,0,0,0,909,800,2,1,158,0,121,6,29,2,0,0,0,0,0
4/10/2012,3341,0,0,1156,0,0,0,1155,1026,2,2,213,0,171,12,25,5,0,0,0,0,0
4/11/2012,2548,0,0,815,0,1,0,811,921,0,0,181,0,138,14,28,1,0,0,0,0,0
4/12/2012,2842,0,0,935,0,8,0,1043,853,2,1,192,0,153,9,29,1,0,0,0,0,0
4/13/2012,2266,0,0,704,0,2,0,788,770,2,0,170,0,135,4,28,3,0,0,0,0,0
4/14/2012,1583,0,0,525,0,0,0,512,541,4,1,81,0,57,6,18,0,0,0,0,0,0
4/15/2012,1557,0,0,471,0,0,0,531,549,6,0,118,0,91,6,18,3,0,0,0,0,0
4/16/2012,2422,0,0,743,0,0,0,919,753,6,1,151,0,100,16,31,4,0,0,0,0,0
4/17/2012,2275,0,0,616,0,0,0,915,739,5,0,115,0,88,7,16,4,0,0,0,0,0
4/18/2012,2096,0,0,642,0,0,0,755,695,3,1,112,0,68,12,29,3,0,0,0,0,0
4/19/2012,1931,0,0,563,0,0,0,717,649,1,1,86,0,53,10,21,2,0,0,0,0,0
4/20/2012,1795,0,0,535,0,0,0,666,591,2,1,71,0,41,8,21,1,0,0,0,0,0
4/21/2012,1711,0,0,609,0,0,0,640,462,0,0,89,0,64,7,17,1,0,0,0,0,0
4/22/2012,1758,0,0,608,0,0,0,684,464,1,1,92,0,52,12,26,2,0,0,0,0,0
4/23/2012,1753,0,0,572,0,1,0,636,543,0,1,73,0,44,6,19,4,0,0,0,0,0
4/24/2012,1832,0,0,603,0,0,0,697,530,2,0,73,0,49,5,16,3,0,0,0,0,0
4/25/2012,1919,0,0,532,0,0,0,839,545,3,0,94,0,54,9,29,2,0,0,0,0,0
4/26/2012,1732,0,0,458,0,0,0,756,517,1,0,76,0,32,17,26,1,0,0,0,0,0
4/27/2012,1346,0,0,359,0,0,0,509,478,0,0,54,0,32,4,15,3,0,0,0,0,0
4/28/2012,1086,0,0,301,0,0,0,383,400,1,1,55,0,39,4,11,1,0,0,0,0,0
4/29/2012,1170,0,0,334,0,0,0,415,419,2,0,60,0,27,9,18,6,0,0,0,0,0
4/30/2012,1565,0,0,421,0,0,0,650,491,1,2,95,0,38,20,30,7,0,0,0,0,0
5/1/2012,1547,0,0,407,0,0,0,635,504,1,0,64,0,34,5,23,2,0,0,0,0,0
5/2/2012,1729,0,0,510,0,0,0,675,542,0,2,193,0,65,55,70,1,0,0,0,0,0
5/3/2012,1464,0,0,414,0,0,0,546,503,1,0,77,0,51,10,12,3,0,0,0,1,0
5/4/2012,1238,0,0,360,0,0,0,418,459,0,1,44,0,32,7,4,1,0,0,0,0,0
5/5/2012,1024,0,0,286,0,0,0,347,386,3,2,44,0,24,3,14,2,0,0,0,0,1
5/6/2012,1056,0,0,322,0,1,0,339,394,0,0,48,0,23,6,17,2,0,0,0,0,0
5/7/2012,1993,0,0,568,0,0,0,862,562,1,0,105,0,29,8,40,28,0,0,0,0,0
5/8/2012,2160,0,0,614,0,0,0,961,576,9,0,103,0,39,6,38,20,0,0,0,0,0
5/9/2012,1641,0,0,469,0,0,0,715,455,2,0,56,0,15,9,25,7,0,0,0,0,0
5/10/2012,1498,0,0,421,0,1,0,569,504,2,1,66,0,29,5,26,6,0,0,0,0,0
5/11/2012,1226,0,0,352,0,0,0,443,429,2,0,54,0,27,7,13,7,0,0,0,0,0
5/12/2012,943,0,0,264,0,0,0,361,318,0,0,40,0,19,5,16,0,0,0,0,0,0
5/13/2012,1125,0,0,312,0,0,0,423,390,0,0,50,0,30,4,15,0,0,0,0,1,0
5/14/2012,1440,0,0,358,0,0,0,537,542,2,1,73,0,31,17,23,2,0,0,0,0,0
5/15/2012,1397,0,0,381,0,0,0,564,450,2,0,56,0,28,8,18,2,0,0,0,0,0
5/16/2012,1283,0,0,375,0,0,0,478,430,0,0,74,0,33,11,21,2,0,0,5,1,0
5/17/2012,1194,0,0,295,0,0,0,499,400,0,0,32,0,11,5,16,0,0,0,0,0,0
5/18/2012,1064,0,0,236,0,0,0,395,431,0,2,29,0,12,7,8,2,0,0,0,0,0
5/19/2012,860,0,0,244,0,0,0,289,326,1,0,29,0,11,1,16,1,0,0,0,0,0
5/20/2012,938,0,0,272,0,0,0,325,341,0,0,47,0,19,8,19,1,0,0,0,0,0
5/21/2012,1174,0,0,298,0,0,0,447,427,0,2,33,0,9,12,11,1,0,0,0,0,0
5/22/2012,1147,0,0,299,0,0,0,477,370,0,1,41,0,21,4,16,0,0,0,0,0,0
5/23/2012,2571,0,0,1241,0,0,0,839,491,0,0,82,0,61,9,12,0,0,0,0,0,0
5/24/2012,1330,0,0,333,0,0,0,570,424,1,2,41,0,21,6,13,1,0,0,0,0,0
5/25/2012,1340,0,0,322,0,0,0,603,413,2,0,56,0,29,9,14,4,0,0,0,0,0
5/26/2012,926,0,0,250,0,0,0,388,287,0,1,17,0,11,5,1,0,0,0,0,0,0
5/27/2012,907,0,0,256,0,0,0,336,314,0,1,39,0,21,4,13,1,0,0,0,0,0
5/28/2012,997,0,0,265,0,0,0,388,344,0,0,31,0,15,5,11,0,0,0,0,0,0
5/29/2012,1216,0,0,332,0,0,0,481,403,0,0,61,0,26,4,28,1,0,0,0,1,1
5/30/2012,1588,0,0,358,0,0,0,817,413,0,0,39,0,15,8,13,2,0,0,0,0,0
5/31/2012,1246,0,0,312,0,0,0,509,424,0,1,43,0,14,8,21,0,0,0,0,0,0
6/1/2012,991,0,0,282,0,0,0,355,354,0,0,27,0,15,3,7,2,0,0,0,0,0
6/2/2012,1304,0,0,454,0,0,0,569,281,0,0,28,0,18,3,6,1,0,0,0,0,0
6/3/2012,1098,0,0,268,0,0,0,543,287,0,0,26,0,15,3,8,0,0,0,0,0,0
6/4/2012,1245,0,0,347,0,0,0,520,376,2,0,50,0,28,5,17,0,0,0,0,0,0
6/5/2012,1267,0,0,325,0,0,0,511,429,0,2,61,0,27,10,23,1,0,0,0,0,0
6/6/2012,1157,0,0,288,12,0,0,438,419,0,0,40,0,23,6,8,0,0,0,0,1,0
6/7/2012,1102,0,0,273,8,0,0,448,370,1,2,41,0,25,4,10,2,0,0,0,0,0
6/8/2012,1006,0,0,259,17,0,0,373,356,1,0,35,0,24,3,7,0,0,0,0,1,0
6/9/2012,834,0,0,208,7,0,0,302,316,0,1,25,0,14,4,7,0,0,0,0,0,0
6/10/2012,863,0,0,214,9,0,0,335,299,4,2,25,0,12,8,5,0,0,0,0,0,0
6/11/2012,1009,0,0,224,5,0,0,422,356,1,1,21,0,11,1,9,0,0,0,0,0,0
6/12/2012,1100,0,0,314,7,0,0,419,356,3,1,105,1,8,34,61,1,0,0,0,0,0
6/13/2012,1221,0,0,286,3,0,0,505,419,5,3,22,0,8,2,12,0,0,0,0,0,0
6/14/2012,1448,0,0,377,7,0,0,638,423,3,0,44,0,14,5,24,1,0,0,0,0,0
6/15/2012,1057,0,0,280,8,0,0,425,341,2,1,19,0,13,0,6,0,0,0,0,0,0
6/16/2012,881,0,0,233,7,0,0,352,288,1,0,23,0,14,5,4,0,0,0,0,0,0
6/17/2012,953,0,0,243,4,0,0,365,339,2,0,28,0,14,5,8,1,0,0,0,0,0
6/18/2012,1109,0,0,277,0,0,0,465,365,2,0,46,0,18,9,15,0,0,0,1,0,1
6/19/2012,1234,0,0,282,114,0,0,478,358,2,0,24,0,9,4,9,1,0,0,0,0,1
6/20/2012,1097,0,0,252,70,1,0,452,321,1,0,31,0,20,4,7,0,0,0,0,0,0
6/21/2012,1017,0,0,220,62,0,0,390,342,1,2,26,0,12,4,9,0,0,0,0,1,0
6/22/2012,886,0,0,234,24,0,0,334,294,0,0,23,0,10,3,8,2,0,0,0,0,0
6/23/2012,714,0,0,174,1,0,0,281,258,0,0,29,0,16,4,8,1,0,0,0,0,0
6/24/2012,781,0,0,167,0,0,0,313,301,0,0,28,0,11,4,8,5,0,0,0,0,0
6/25/2012,959,0,0,252,0,0,0,351,354,1,1,20,0,9,0,10,1,0,0,0,0,0
6/26/2012,964,0,0,239,0,0,0,379,343,3,0,25,0,6,6,13,0,0,0,0,0,0
6/27/2012,818,0,0,190,0,0,0,307,319,2,0,30,0,15,5,8,2,0,0,0,0,0
6/28/2012,1046,0,0,379,1,0,0,413,253,0,0,23,0,13,4,5,0,0,0,0,0,1
6/29/2012,874,0,0,289,2,0,0,295,287,1,0,23,0,10,2,10,0,0,0,1,0,0
6/30/2012,1241,0,0,316,0,0,0,515,410,0,0,28,0,12,7,8,1,0,0,0,0,0
7/1/2012,1154,0,0,266,0,0,0,417,469,2,0,22,0,6,3,12,1,0,0,0,0,0
7/2/2012,1197,0,0,326,1,0,0,431,439,0,0,47,0,26,3,12,1,0,0,2,2,0
7/3/2012,1179,0,0,314,0,0,0,515,350,0,0,88,0,10,55,22,1,0,0,0,0,0
7/4/2012,871,0,0,209,0,0,0,397,262,2,1,34,0,18,6,7,1,0,0,0,1,0
7/5/2012,896,0,0,210,0,0,0,378,305,3,0,33,0,9,8,16,0,0,0,0,0,0
7/6/2012,878,0,0,200,0,0,0,359,319,0,0,26,0,6,3,15,2,0,0,0,0,0
7/7/2012,676,0,0,158,0,0,0,263,254,1,0,28,0,15,3,9,1,0,0,0,0,0
7/8/2012,798,0,0,179,0,0,0,336,282,1,0,27,1,10,5,8,3,0,0,0,0,0
7/9/2012,1059,0,0,220,0,0,0,451,387,1,0,40,0,16,14,10,0,0,0,0,0,0
7/10/2012,936,0,0,185,0,0,0,423,326,0,2,23,0,9,10,4,0,0,0,0,0,0
7/11/2012,1191,0,0,239,0,0,0,572,379,0,1,35,0,21,4,10,0,0,0,0,0,0
7/12/2012,1202,0,0,294,0,1,0,519,387,1,0,33,0,9,8,16,0,0,0,0,0,0
7/13/2012,1393,0,0,440,0,0,0,571,380,2,0,29,0,6,8,14,1,0,0,0,0,0
7/14/2012,909,0,0,248,0,0,0,362,299,0,0,21,0,5,2,13,1,0,0,0,0,0
7/15/2012,1062,0,0,287,0,0,0,445,330,0,0,21,0,8,6,7,0,0,0,0,0,0
7/16/2012,1234,0,0,345,0,0,0,481,405,0,3,47,1,15,15,15,0,0,0,0,0,0
7/17/2012,1021,0,0,232,0,0,0,424,365,0,0,26,0,8,2,14,1,0,0,0,1,0
7/18/2012,887,0,0,206,0,0,0,390,289,0,2,26,0,8,5,11,1,0,0,0,0,1
7/19/2012,872,0,0,222,0,0,0,353,296,0,1,21,1,10,1,6,1,0,0,0,0,1
7/20/2012,790,0,0,166,0,0,0,345,277,0,2,15,0,5,4,5,0,0,0,0,0,1
7/21/2012,621,0,0,170,0,0,0,215,233,1,2,12,0,2,5,5,0,0,0,0,0,0
7/22/2012,707,0,0,184,0,0,0,276,246,0,1,14,0,6,3,5,0,0,0,0,0,0
7/23/2012,874,0,0,205,0,0,0,353,316,0,0,29,0,6,17,2,2,0,0,2,0,0
7/24/2012,851,0,0,227,0,0,0,359,264,1,0,14,0,4,5,5,0,0,0,0,0,0
7/25/2012,3637,4,0,441,0,1,0,336,414,1,2440,27,1,11,5,8,1,0,0,0,0,0
7/26/2012,1747,11,0,344,0,0,0,332,375,0,685,38,0,22,2,12,1,0,1,0,0,0
7/27/2012,1091,10,0,272,0,0,0,297,318,0,194,24,0,10,6,5,3,0,0,0,0,0
7/28/2012,836,3,0,232,1,0,0,294,235,0,71,26,0,13,3,10,0,0,0,0,0,0
7/29/2012,858,6,0,200,0,0,0,295,289,1,67,20,0,7,1,9,3,0,0,0,0,0
7/30/2012,979,1,0,246,0,0,0,317,341,0,74,20,0,7,4,7,2,0,0,0,0,0
7/31/2012,936,3,0,219,0,0,0,342,318,1,53,26,0,15,4,5,2,0,0,0,0,0
8/1/2012,855,0,0,197,0,0,0,312,310,1,35,24,0,12,1,9,1,0,0,0,1,0
8/2/2012,915,1,0,221,0,0,0,303,355,1,34,34,0,14,7,7,1,0,0,2,0,0
8/3/2012,803,1,0,193,0,0,0,299,287,0,23,19,0,2,6,11,0,0,0,0,0,0
8/4/2012,705,0,0,177,0,0,0,260,254,0,14,28,0,11,5,12,0,0,0,0,0,0
8/5/2012,682,1,0,170,0,0,0,238,260,2,11,15,0,7,2,6,0,0,0,0,0,0
8/6/2012,810,0,0,215,0,0,0,279,299,3,14,24,0,8,7,9,0,0,0,0,0,0
8/7/2012,752,0,0,205,0,0,0,278,259,0,10,32,0,3,2,22,5,0,0,0,0,0
8/8/2012,2511,0,0,311,0,0,0,1871,322,2,5,17,0,9,4,3,1,0,0,0,0,0
8/9/2012,3345,0,0,367,0,0,0,2660,307,0,11,37,0,20,13,3,1,0,0,0,0,0
8/10/2012,814,0,0,221,0,0,0,298,291,1,3,28,0,11,2,15,0,0,0,0,0,0
8/11/2012,711,0,0,196,0,0,0,244,266,2,3,21,0,6,2,12,1,0,0,0,0,0
8/12/2012,695,0,0,160,0,0,0,292,238,0,5,19,0,10,4,5,0,0,0,0,0,0
8/13/2012,921,0,0,186,0,0,0,420,304,0,10,25,0,10,6,9,0,0,0,0,0,0
8/14/2012,1340,0,0,262,0,0,0,714,354,0,10,44,0,35,0,8,0,0,0,0,0,0
8/15/2012,1408,0,0,252,1,0,0,791,358,0,6,42,0,22,7,11,2,0,0,0,0,0
8/16/2012,936,1,0,218,0,0,0,446,268,0,3,28,0,15,7,6,0,0,0,0,0,0
8/17/2012,873,0,0,177,0,0,0,395,293,0,8,23,0,11,5,7,0,0,0,0,0,0
8/18/2012,650,0,0,163,0,0,0,264,218,0,5,9,0,3,3,3,0,0,0,0,0,0
8/19/2012,728,1,0,169,0,0,0,307,247,0,4,18,0,9,2,7,0,0,0,0,0,0
8/20/2012,838,0,0,170,0,0,0,339,324,0,5,15,0,3,3,8,1,0,0,0,0,0
8/21/2012,842,0,0,174,0,0,0,333,332,0,3,21,0,7,5,8,1,0,0,0,0,0
8/22/2012,887,1,0,213,0,0,0,366,307,0,0,26,0,7,8,9,2,0,0,0,0,0
8/23/2012,860,0,0,185,0,0,0,337,335,0,3,20,0,8,2,10,0,0,0,0,0,0
8/24/2012,806,0,0,180,0,0,0,341,279,0,6,24,0,9,3,10,0,1,0,0,0,1
8/25/2012,645,0,0,167,0,0,0,244,232,0,2,27,0,15,1,11,0,0,0,0,0,0
8/26/2012,737,0,0,186,0,0,0,279,270,2,0,16,0,5,3,8,0,0,0,0,0,0
8/27/2012,947,0,0,231,0,0,0,393,314,3,6,24,0,13,3,7,0,1,0,0,0,0
8/28/2012,5810,0,0,1813,0,1,0,2335,630,1007,24,429,0,18,10,10,4,387,0,0,0,0
8/29/2012,3311,0,0,949,0,0,0,1571,500,279,12,179,0,11,7,7,7,147,0,0,0,0
8/30/2012,1750,0,0,517,0,0,0,726,432,69,6,77,0,5,3,17,0,52,0,0,0,0
8/31/2012,2290,0,0,541,0,0,0,1348,344,53,4,71,0,7,12,9,0,43,0,0,0,0
9/1/2012,1137,0,0,310,0,0,0,492,302,31,2,51,0,7,2,10,0,32,0,0,0,0
9/2/2012,1178,0,0,335,0,0,0,537,274,30,2,38,0,6,5,8,0,19,0,0,0,0
9/3/2012,1770,0,0,634,0,0,0,748,355,31,2,38,0,8,2,10,0,16,0,1,0,0
9/4/2012,3083,0,0,769,0,0,0,1810,478,17,9,85,0,19,10,15,0,40,0,0,1,0
9/5/2012,2045,0,0,649,0,2,0,971,399,17,7,78,0,19,3,8,0,48,0,0,0,0
9/6/2012,1255,0,0,335,0,0,0,581,327,10,2,30,1,5,2,7,0,14,0,0,1,0
9/7/2012,1083,0,0,296,0,0,0,459,310,12,6,31,0,8,4,7,0,12,0,0,0,0
9/8/2012,790,0,0,243,0,1,0,298,242,5,1,25,0,3,6,6,1,9,0,0,0,0
9/9/2012,861,0,0,221,1,0,0,343,282,13,1,24,0,9,4,3,0,8,0,0,0,0
9/10/2012,1064,0,0,285,0,0,0,409,356,9,5,33,0,10,1,9,0,13,0,0,0,0
9/11/2012,1192,0,0,306,0,0,0,443,428,12,3,35,0,4,7,10,0,12,0,0,1,0
9/12/2012,1313,0,0,305,0,0,0,551,445,8,4,33,0,6,2,10,1,14,0,0,0,0
9/13/2012,1108,0,0,227,0,0,0,442,433,4,2,32,0,5,0,9,5,13,0,0,0,0
9/14/2012,1114,0,0,266,0,0,0,423,414,5,6,45,0,16,7,15,2,5,0,0,0,0
9/15/2012,1315,0,0,364,0,1,0,567,379,3,1,22,0,16,0,2,1,3,0,0,0,0
9/16/2012,1065,0,0,256,0,0,0,442,362,4,1,22,0,8,1,6,0,7,0,0,0,0
9/17/2012,1240,0,0,315,0,0,0,438,477,8,2,92,0,15,54,11,1,9,0,2,0,0
9/18/2012,1214,0,0,354,0,0,0,438,411,10,1,33,0,15,1,10,0,6,0,0,0,0
9/19/2012,1311,0,0,521,0,2,0,384,390,11,3,27,0,14,1,6,0,6,0,0,0,0
9/20/2012,1277,0,0,493,0,0,0,420,350,9,5,15,0,8,2,3,0,2,0,0,0,0
9/21/2012,1569,0,0,557,0,0,0,599,406,7,0,36,0,6,15,10,1,3,1,0,0,0
9/22/2012,1758,0,0,728,0,0,0,676,336,14,4,62,1,8,16,31,1,5,0,0,0,0
9/23/2012,1552,0,0,508,0,0,0,621,412,10,1,53,0,11,11,29,1,1,0,0,0,0
9/24/2012,2301,0,0,663,0,0,0,1070,551,13,4,92,0,5,39,37,3,7,0,0,0,1
9/25/2012,1668,0,0,505,0,0,0,690,467,4,2,80,0,32,21,19,1,7,0,0,0,0
9/26/2012,2853,0,0,1358,0,2,0,958,522,4,9,88,0,17,31,30,0,8,0,1,0,0
9/27/2012,1660,0,0,576,0,1,0,656,412,9,6,56,0,9,20,22,1,4,0,0,0,0
9/28/2012,1278,0,0,416,0,0,0,412,443,3,4,43,0,8,18,16,0,1,0,0,0,0
9/29/2012,1060,0,0,375,0,0,0,356,324,5,0,47,0,14,13,17,1,2,0,0,0,0
9/30/2012,1190,1,0,375,0,1,0,443,362,5,3,49,1,10,18,17,0,3,0,0,0,0
10/1/2012,1283,0,0,379,0,0,0,446,446,8,4,37,0,11,9,14,1,2,0,0,0,0
10/2/2012,1238,0,0,361,1,0,0,435,431,8,2,51,0,9,19,20,0,3,0,0,0,0
10/3/2012,1263,0,0,381,1,0,0,506,365,5,5,191,0,7,165,13,0,6,0,0,0,0
10/4/2012,1163,0,0,324,0,0,0,441,389,6,3,49,0,5,22,15,0,5,0,0,0,2
10/5/2012,1120,0,0,366,0,0,0,373,379,0,2,45,1,9,9,19,2,5,0,0,0,0
10/6/2012,931,0,0,304,0,0,0,350,272,1,4,38,0,5,12,17,0,4,0,0,0,0
10/7/2012,981,0,0,315,0,0,0,310,350,3,3,49,0,18,10,15,1,5,0,0,0,0
10/8/2012,1559,0,0,374,0,0,0,736,443,3,3,43,0,6,15,17,0,4,0,0,0,0
10/9/2012,1357,0,0,380,0,0,0,581,389,5,2,43,0,7,19,13,0,4,0,0,0,0
10/10/2012,1274,0,0,352,0,0,0,562,353,3,4,44,0,13,14,14,0,1,0,0,0,2
10/11/2012,1237,0,0,338,0,0,0,498,394,4,3,41,0,7,10,20,0,3,0,0,0,0
10/12/2012,1037,0,0,284,0,0,0,383,365,2,3,30,0,4,10,13,0,3,0,0,0,0
10/13/2012,949,0,0,300,0,0,0,316,331,1,1,25,0,4,10,10,0,1,0,0,0,0
10/14/2012,994,0,0,288,0,0,0,358,346,1,1,36,0,5,11,17,1,2,0,0,0,0
10/15/2012,1251,0,0,353,0,0,0,461,434,1,2,48,0,4,16,22,1,5,0,0,0,0
10/16/2012,1109,0,0,333,0,0,0,382,389,3,2,53,0,6,21,18,0,4,0,2,0,1
10/17/2012,1246,0,0,334,0,0,0,504,404,1,3,47,0,10,10,18,0,9,0,0,0,0
10/18/2012,1297,0,0,399,0,0,0,499,393,3,3,47,0,15,14,15,0,3,0,0,0,0
10/19/2012,1147,0,0,331,0,0,0,423,387,2,4,41,0,7,17,9,0,8,0,0,0,0
10/20/2012,907,0,0,277,0,0,0,324,305,0,1,34,0,6,10,17,1,0,0,0,0,0
10/21/2012,983,0,0,292,0,0,0,359,327,3,2,33,0,8,10,12,0,3,0,0,0,0
10/22/2012,1053,0,0,323,0,0,0,334,394,1,1,64,0,8,16,37,1,2,0,0,0,0
10/23/2012,1176,0,0,332,0,0,0,441,399,2,2,38,0,7,10,15,0,6,0,0,0,0
10/24/2012,1148,0,0,315,0,0,0,415,411,4,3,44,0,4,16,15,0,7,0,0,0,0
10/25/2012,1080,0,0,360,0,0,0,361,358,1,0,35,0,4,13,13,0,4,0,0,1,0
10/26/2012,1019,0,0,342,0,0,0,346,330,1,0,52,0,10,22,16,0,4,0,0,0,0
10/27/2012,822,0,0,298,0,0,0,277,245,2,0,36,0,4,10,18,0,4,0,0,0,0
10/28/2012,921,0,0,303,0,0,0,291,324,1,2,43,0,11,12,18,0,2,0,0,0,0
10/29/2012,1112,0,0,346,0,0,0,363,401,1,1,35,0,5,13,11,1,2,0,2,0,0
10/30/2012,950,0,0,238,0,0,0,362,349,1,0,28,0,9,10,9,0,0,0,0,0,0
10/31/2012,1021,0,0,275,0,0,0,349,396,1,0,43,0,11,10,16,1,5,0,0,0,0
11/1/2012,1021,0,0,337,0,0,0,317,365,2,0,39,0,11,10,14,0,4,0,0,0,0
11/2/2012,1135,0,0,408,0,0,0,359,367,1,0,39,0,10,8,16,0,5,0,0,0,0
11/3/2012,850,0,0,318,0,0,0,258,270,4,0,32,0,4,16,12,0,0,0,0,0,0
11/4/2012,1102,0,0,427,0,0,0,328,345,2,0,33,0,5,7,18,0,3,0,0,0,0
11/5/2012,1114,0,0,366,0,0,0,338,405,4,1,30,0,5,9,14,0,2,0,0,0,0
11/6/2012,1050,0,0,346,0,0,0,331,371,1,1,48,0,8,15,18,0,7,0,0,0,0
11/7/2012,1002,0,0,299,0,0,0,322,379,2,0,31,0,5,11,11,1,3,0,0,0,0
11/8/2012,1101,0,0,326,0,0,0,365,407,2,1,37,0,8,10,17,0,2,0,0,0,0
11/9/2012,1091,0,0,312,0,0,0,397,380,0,2,29,0,5,10,14,0,0,0,0,0,0
11/10/2012,865,0,0,317,0,0,0,273,273,1,1,35,0,11,15,6,0,3,0,0,0,0
11/11/2012,991,0,0,347,0,0,0,343,298,3,0,31,0,5,18,7,0,1,0,0,0,0
11/12/2012,1080,0,0,347,0,0,0,361,369,3,0,34,0,11,6,13,0,3,0,0,0,1
11/13/2012,1139,0,0,365,0,0,0,393,377,3,1,34,0,6,12,14,0,1,0,0,0,0
11/14/2012,1061,0,0,335,0,0,0,360,359,3,4,32,0,12,8,7,0,3,0,0,0,0
11/15/2012,1124,0,0,392,0,0,0,345,383,3,1,48,0,9,15,21,0,1,0,0,1,0
11/16/2012,1002,0,0,347,0,0,0,318,336,1,0,40,0,5,17,12,0,6,0,0,0,0
11/17/2012,899,0,0,331,0,0,0,270,297,1,0,26,0,2,11,11,0,2,0,0,0,0
11/18/2012,968,0,0,318,0,0,0,323,321,6,0,38,0,8,10,17,1,2,0,0,0,0
11/19/2012,1257,0,0,414,0,0,0,411,425,5,2,42,0,8,19,13,1,1,0,0,0,0
11/20/2012,1245,0,0,361,0,0,0,473,404,5,2,5,0,2,2,1,0,0,0,0,0,0
11/21/2012,1146,0,0,371,0,0,0,382,390,3,0,12,0,0,9,1,0,2,0,0,0,0
11/22/2012,1040,0,0,320,0,0,0,358,357,4,1,42,0,11,25,3,0,1,0,0,0,0
11/23/2012,6442,0,0,1888,0,0,0,2068,571,1913,2,310,0,23,268,6,1,12,0,0,0,0
11/24/2012,5860,1,0,2115,0,0,0,2875,533,336,0,260,0,25,228,1,0,6,0,0,0,0
11/25/2012,4533,0,0,1454,0,0,2,2317,568,192,0,189,0,17,169,1,0,2,0,0,0,0
11/26/2012,5271,0,0,1265,0,1,908,1922,800,373,2,207,0,15,183,5,0,3,0,0,0,1
11/27/2012,2727,0,0,781,0,0,322,919,607,96,2,152,0,41,106,1,1,1,0,0,0,0
11/28/2012,2479,0,0,696,0,0,155,961,604,63,0,175,0,13,151,1,1,5,0,0,0,0
11/29/2012,1998,0,0,622,0,0,95,731,501,49,0,95,0,12,72,1,0,5,0,0,0,0
11/30/2012,1939,1,0,644,0,0,58,713,485,38,0,86,0,16,62,1,1,3,0,0,1,0
12/1/2012,1850,0,0,703,0,0,35,664,419,28,1,66,0,10,53,0,0,2,0,0,0,0
12/2/2012,1858,0,0,683,0,0,29,683,429,34,0,88,0,14,72,0,0,2,0,0,0,0
12/3/2012,2059,0,0,658,0,0,34,821,502,43,1,193,0,15,169,3,0,6,0,0,0,0
12/4/2012,2667,0,0,1192,0,0,22,875,533,45,0,107,0,18,81,1,0,4,0,0,1,0
12/5/2012,1942,0,0,624,0,0,24,722,540,31,1,85,0,7,73,2,0,2,0,0,0,0
12/6/2012,1913,0,0,634,0,0,17,728,519,14,1,84,0,16,56,1,1,10,0,0,0,0
12/7/2012,1456,0,0,532,0,0,12,481,414,17,0,59,0,17,38,2,0,2,0,0,0,0
12/8/2012,1304,0,0,475,0,0,8,454,355,11,1,67,0,15,50,1,0,1,0,0,0,0
12/9/2012,1511,1,0,552,0,0,9,547,387,14,1,55,0,12,40,0,0,3,0,0,0,0
12/10/2012,1753,0,0,620,0,0,16,584,503,29,1,82,0,15,57,1,5,4,0,0,0,0
12/11/2012,1578,0,0,494,0,0,10,579,478,17,0,56,0,10,40,3,0,3,0,0,0,0
12/12/2012,1459,0,0,465,0,0,3,517,462,12,0,64,0,17,45,1,0,1,0,0,0,0
12/13/2012,1555,0,0,497,0,0,9,568,464,17,0,52,0,12,37,1,0,0,0,0,0,0
12/14/2012,1316,0,0,422,0,0,11,458,409,15,1,61,0,18,42,0,0,1,0,0,0,0
12/15/2012,1238,0,0,454,0,0,8,432,334,10,0,56,0,16,38,0,1,1,0,0,0,0
12/16/2012,1257,0,0,449,0,0,1,382,405,17,3,55,0,15,40,0,0,0,0,0,0,0
12/17/2012,1672,0,0,530,0,0,4,670,453,13,2,64,0,15,43,4,0,0,0,0,0,0
12/18/2012,1523,0,0,452,0,0,6,629,424,10,2,57,0,14,39,1,0,3,0,0,0,0
12/19/2012,1326,0,0,439,0,0,1,497,378,11,0,60,0,13,44,0,0,3,0,0,0,0
12/20/2012,1145,0,0,390,0,0,3,379,361,11,1,27,0,6,21,0,0,0,0,0,0,0
12/21/2012,6516,0,0,1778,0,0,2,4416,315,4,1,65,0,16,47,0,0,2,0,0,0,0
12/22/2012,1031,0,0,381,0,0,3,376,267,4,0,28,0,8,20,0,0,0,0,0,0,0
12/23/2012,1273,0,0,622,0,0,1,373,268,9,0,31,0,11,20,0,0,0,0,0,0,0
12/24/2012,1117,0,0,450,0,0,2,388,272,5,0,32,0,10,21,0,1,0,0,0,0,0
12/25/2012,1237,0,0,475,0,0,1,411,347,2,1,29,0,2,25,0,0,2,0,0,0,0
12/26/2012,1298,0,0,473,0,0,1,455,365,4,0,37,0,6,28,0,0,3,0,0,0,0
12/27/2012,1224,0,0,421,0,0,0,482,312,8,1,46,0,9,31,0,0,3,0,0,0,0
12/28/2012,1141,0,0,370,0,0,0,426,341,4,0,39,0,10,26,0,0,3,0,0,0,0
12/29/2012,1050,0,0,380,0,0,2,384,284,0,0,27,0,8,18,0,0,1,0,0,0,0
12/30/2012,1024,0,0,363,0,0,2,371,278,10,0,42,0,16,26,0,0,0,0,0,0,0
12/31/2012,1057,0,0,369,0,0,1,372,313,1,1,29,0,3,22,2,0,2,0,0,0,0
1/1/2013,937,0,0,334,0,0,1,335,264,3,0,24,0,8,15,0,0,1,0,0,0,0
1/2/2013,1363,0,0,462,0,0,1,452,443,4,1,35,0,8,24,0,0,2,0,0,0,0
1/3/2013,1194,0,0,363,0,0,0,442,383,6,0,47,0,15,31,0,0,1,0,0,0,0
1/4/2013,1089,0,0,362,0,0,1,401,318,7,0,27,0,7,19,0,0,1,0,0,0,0
1/5/2013,973,0,0,332,0,0,0,347,290,3,1,30,0,9,18,0,0,3,0,0,0,0
1/6/2013,971,0,0,344,0,0,2,333,285,5,2,28,0,7,20,0,0,1,0,0,0,0
1/7/2013,1108,0,0,355,0,0,0,388,359,6,0,25,0,6,19,0,0,0,0,0,0,0
1/8/2013,1164,0,0,359,0,0,3,433,360,7,2,39,0,13,23,0,0,3,0,0,0,0
1/9/2013,1127,0,0,360,0,0,0,424,339,4,0,33,1,10,19,0,1,0,0,0,1,0
1/10/2013,1224,0,0,369,0,0,0,500,350,5,0,33,0,9,22,0,0,2,0,0,0,0
1/11/2013,1015,0,0,344,0,0,0,365,299,7,0,26,0,6,16,0,0,3,0,0,0,0
1/12/2013,898,0,0,316,0,0,1,300,273,8,0,18,0,4,12,0,0,2,0,0,0,0
1/13/2013,965,0,0,325,0,0,2,334,298,6,0,28,1,4,20,0,0,3,0,0,0,0
1/14/2013,1159,0,0,362,0,0,2,417,369,8,1,43,0,10,30,0,0,3,0,0,0,0
1/15/2013,1064,0,0,294,0,0,0,343,416,10,1,27,0,3,17,0,5,2,0,0,0,0
1/16/2013,1043,0,0,325,0,0,0,296,417,5,0,39,0,11,28,0,0,0,0,0,0,0
1/17/2013,1106,0,0,342,0,0,1,366,389,4,4,26,0,2,23,0,0,1,0,0,0,0
1/18/2013,980,0,0,278,0,0,0,306,385,11,0,39,0,14,22,0,0,3,0,0,0,0
1/19/2013,832,0,0,292,0,0,2,287,247,4,0,16,0,3,12,0,0,1,0,0,0,0
1/20/2013,911,0,0,304,0,0,0,284,319,4,0,31,0,10,17,0,0,4,0,0,0,0
1/21/2013,899,0,0,290,0,0,1,270,330,8,0,17,0,5,12,0,0,0,0,0,0,0
1/22/2013,981,0,0,270,0,0,0,335,371,5,0,21,0,6,12,0,0,3,0,0,0,0
1/23/2013,982,0,0,283,0,0,0,288,405,6,0,35,0,7,25,0,0,2,0,0,0,0
1/24/2013,1037,0,0,297,0,0,1,364,373,1,1,29,0,8,19,0,0,1,0,0,0,0
1/25/2013,960,0,0,263,0,0,1,348,343,5,0,25,0,5,19,0,1,0,0,0,0,0
1/26/2013,796,0,0,234,0,0,0,247,308,5,2,26,0,7,18,0,0,1,0,0,0,0
1/27/2013,891,0,0,298,0,0,0,274,311,8,0,26,0,8,17,0,0,1,0,0,0,0
1/28/2013,1169,0,0,353,0,2,0,372,432,9,1,31,0,9,22,0,0,0,0,0,0,0
1/29/2013,1047,0,0,330,0,0,1,370,339,6,1,20,0,5,14,0,0,1,0,0,0,0
1/30/2013,1063,0,0,306,0,0,0,376,373,8,0,21,0,7,14,0,0,0,0,0,0,0
1/31/2013,1703,0,0,545,0,0,5,779,363,11,0,26,0,10,15,0,0,1,0,0,0,0
2/1/2013,1118,0,0,343,0,0,0,435,331,8,1,26,0,9,10,0,2,2,0,0,0,0
2/2/2013,917,0,0,308,0,0,0,320,285,3,1,20,0,7,13,0,0,0,0,0,0,0
2/3/2013,946,0,0,341,0,1,0,316,280,7,1,18,0,10,7,0,0,1,0,0,0,0
2/4/2013,1075,0,0,331,0,0,0,364,373,7,0,31,0,9,19,0,0,3,0,0,0,0
2/5/2013,1161,0,0,341,0,0,0,450,367,2,1,37,0,16,14,0,1,6,0,0,0,0
2/6/2013,1669,0,0,516,0,0,1,717,424,11,0,30,0,1,28,0,0,1,0,0,0,0
2/7/2013,1169,0,0,368,0,0,0,458,342,1,0,39,0,5,31,0,0,2,0,0,1,0
2/8/2013,970,0,0,297,0,0,0,321,343,9,0,20,0,4,14,0,0,2,0,0,0,0
2/9/2013,806,0,0,282,0,0,0,282,232,10,0,22,0,11,11,0,0,0,0,0,0,0
2/10/2013,939,0,0,328,0,0,0,333,268,10,0,25,0,12,11,0,0,2,0,0,0,0
2/11/2013,983,0,0,307,0,0,2,364,306,3,1,20,0,5,14,0,0,1,0,0,0,0
2/12/2013,786,0,0,267,0,0,0,241,273,5,0,22,0,7,12,0,0,3,0,0,0,0
2/13/2013,958,0,0,294,0,0,0,324,329,10,1,27,0,8,16,0,0,2,0,0,0,0
2/14/2013,863,0,0,272,0,0,0,308,277,6,0,18,0,6,12,0,0,0,0,0,0,0
2/15/2013,823,0,0,279,0,0,0,279,258,7,0,15,0,4,10,0,0,1,0,0,0,0
2/16/2013,771,0,0,286,0,0,0,277,204,3,1,13,0,3,9,0,0,1,0,0,0,0
2/17/2013,762,0,0,268,0,0,0,276,216,2,0,13,0,7,5,0,0,1,0,0,0,0
2/18/2013,899,0,0,298,0,0,0,322,276,3,0,17,0,5,12,0,0,0,0,0,0,0
2/19/2013,1015,0,0,290,0,0,1,377,346,1,0,18,0,2,14,0,0,2,0,0,0,0
2/20/2013,946,0,0,283,0,0,0,380,281,2,0,25,0,12,12,0,0,1,0,0,0,0
2/21/2013,868,0,0,285,0,0,0,328,254,1,0,20,0,9,10,0,0,1,0,0,0,0
2/22/2013,1140,0,0,423,0,0,0,413,300,3,1,21,0,8,11,0,0,2,0,0,0,0
2/23/2013,863,0,0,284,0,0,0,321,258,0,0,16,0,10,6,0,0,0,0,0,0,0
2/24/2013,858,0,0,299,0,0,0,322,235,2,0,81,0,13,66,0,0,2,0,0,0,0
2/25/2013,969,0,0,310,0,1,0,358,299,1,0,26,0,12,12,0,0,2,0,0,0,0
2/26/2013,1170,0,0,308,0,0,0,550,309,3,0,27,0,12,12,0,0,2,0,0,0,0
2/27/2013,843,0,0,290,0,0,0,294,258,1,0,22,0,3,12,0,0,2,0,0,0,0
2/28/2013,969,0,0,331,0,0,0,365,271,1,1,24,0,6,16,0,0,2,0,0,0,0
3/1/2013,861,0,0,324,0,0,0,299,236,2,0,32,0,11,18,0,0,3,0,0,0,0
3/2/2013,747,0,0,283,0,0,1,245,214,3,1,34,0,10,23,0,0,1,0,0,0,0
3/3/2013,762,0,0,254,0,0,0,269,236,3,0,22,0,6,14,0,0,2,0,0,0,0
3/4/2013,1001,0,0,287,0,0,0,390,324,0,0,26,0,10,14,0,0,1,0,0,0,0
3/5/2013,912,0,0,271,0,0,0,324,311,6,0,39,0,7,29,0,0,2,0,0,0,0
3/6/2013,1009,0,0,311,0,0,0,393,305,0,0,21,0,5,14,0,0,2,0,0,0,0
3/7/2013,881,0,0,251,0,0,3,329,296,2,0,16,0,6,10,0,0,0,0,0,0,0
3/8/2013,799,0,0,264,0,0,0,288,246,1,0,8,0,1,6,0,0,1,0,0,0,0
3/9/2013,685,0,0,247,0,0,2,223,208,5,0,15,0,6,7,0,0,2,0,0,0,0
3/10/2013,649,0,0,199,0,0,0,231,219,0,0,13,0,2,11,0,0,0,0,0,0,0
3/11/2013,956,0,0,270,0,0,2,350,330,4,0,24,0,3,21,0,0,0,0,0,0,0
3/12/2013,868,0,0,243,0,0,0,325,298,2,0,38,0,19,18,0,0,1,0,0,0,0
3/13/2013,976,0,0,310,0,0,0,395,268,2,1,22,0,3,16,0,0,3,0,0,0,0
3/14/2013,876,0,0,273,0,0,1,309,291,1,1,20,0,5,13,0,0,2,0,0,0,0
3/15/2013,709,0,0,235,0,0,0,230,241,2,1,9,0,3,6,0,0,0,0,0,0,0
3/16/2013,725,0,0,246,0,0,0,227,250,1,1,21,0,5,16,0,0,0,0,0,0,0
3/17/2013,906,0,0,339,0,0,0,299,266,2,0,11,0,1,8,0,0,2,0,0,0,0
3/18/2013,1229,0,0,457,0,0,0,388,375,9,0,15,0,2,9,0,0,2,0,0,0,0
3/19/2013,1014,0,0,336,0,0,1,370,303,3,1,17,0,2,14,0,0,1,0,0,0,0
3/20/2013,977,0,0,293,0,0,1,391,288,3,1,26,0,10,13,0,0,3,0,0,0,0
3/21/2013,1029,0,0,367,0,0,0,384,278,0,0,37,0,16,18,0,0,2,0,0,0,0
3/22/2013,742,0,0,235,0,0,0,257,250,0,0,16,0,1,12,0,0,3,0,0,0,0
3/23/2013,660,0,0,221,0,0,1,226,209,2,1,12,0,5,6,0,0,1,0,0,0,0
3/24/2013,753,0,0,241,0,0,0,298,213,1,0,21,1,7,10,0,0,3,0,0,0,0
3/25/2013,825,0,0,250,0,0,0,294,276,5,0,18,0,8,8,0,0,2,0,0,0,0
3/26/2013,775,0,0,235,0,0,0,274,264,1,1,17,0,11,5,0,0,0,0,0,0,0
3/27/2013,769,0,0,241,0,0,1,267,259,1,0,14,0,1,10,0,0,3,0,0,0,0
3/28/2013,707,0,0,202,0,0,1,226,277,0,1,17,0,3,14,0,0,0,0,0,0,0
3/29/2013,690,0,0,206,0,0,0,228,256,0,0,116,0,4,111,0,0,1,0,0,0,0
3/30/2013,610,0,0,238,0,0,0,192,180,0,0,16,0,2,11,0,0,3,0,0,0,0
3/31/2013,552,0,0,206,0,0,0,163,186,0,0,16,0,4,12,0,0,0,0,0,0,0